Item,avg_rainfall,pesticides_tonnes,avg_temp,Radiation,Season,hg/ha_yield
Soybeans,476.12,2.26,20.92,4.01,summer,20252.6
Maize,414.1,16.36,22.94,5.79,post-monsoon,31244.1
Rice,604.67,44.68,24.86,5.67,post-monsoon,36883.3
Maize,1137.49,3.24,26.97,7.31,post-monsoon,34085.4
Rice,619.98,4.15,30.32,6.65,post-monsoon,37167.3
Soybeans,1465.3,6.95,31.9,6.08,monsoon,12304.6
Rice,506.18,1.38,34.62,7.81,post-monsoon,27188.3
Rice,59.4,5.74,21.78,7.43,winter,26363.4
Soybeans,436.89,12.21,32.21,8.15,summer,15414.1
Potatoes,281.92,7.03,15.43,6.89,summer,142886.8
Maize,1496.93,24.86,29.66,4.9,monsoon,27872.4
Soybeans,228.5,11.74,20.15,10.03,winter,15260.9
Maize,700.44,10.89,24.62,9.43,monsoon,39411.7
Maize,313.92,28.13,26.66,3.55,summer,26673.5
Wheat,976.8,10.31,24.9,7.74,post-monsoon,25782.5
Potatoes,628.51,12.75,21.04,8.76,post-monsoon,172841.9
Wheat,436.0,28.17,23.57,10.43,summer,27091.3
Wheat,345.1,1.08,14.68,7.74,summer,23546.4
Maize,672.32,3.21,24.23,4.73,summer,32677.8
Wheat,654.09,5.02,21.63,2.2,post-monsoon,28764.7
Wheat,1123.19,2.88,34.32,6.52,monsoon,19936.1
Soybeans,350.0,6.5,27.76,8.98,winter,14435.7
Soybeans,301.35,1.5,34.95,4.52,winter,10698.7
Soybeans,274.36,15.09,24.34,4.34,post-monsoon,16534.8
Rice,518.46,13.95,22.57,6.11,post-monsoon,35958.4
Rice,886.42,28.3,39.7,6.19,post-monsoon,30358.3
Potatoes,297.59,28.29,23.95,10.25,post-monsoon,120260.8
Wheat,737.14,34.79,27.51,2.38,post-monsoon,28774.2
Wheat,262.05,63.34,16.53,1.0,summer,18026.6
Soybeans,399.32,17.36,22.08,5.84,summer,16173.9
Maize,458.54,4.46,15.57,12.68,summer,22467.8
Potatoes,1206.53,11.32,22.14,7.03,monsoon,131499.5
Wheat,399.34,1.53,14.15,10.7,summer,22858.2
Soybeans,225.52,37.71,22.78,7.82,post-monsoon,16395.7
Potatoes,696.64,4.75,25.73,4.63,summer,138145.4
Maize,318.31,4.52,16.89,4.13,post-monsoon,26489.4
Rice,327.25,10.66,24.75,8.05,winter,29213.4
Rice,502.7,1.06,24.45,5.17,monsoon,38278.7
Soybeans,322.17,14.38,23.36,3.1,summer,18319.9
Maize,420.98,5.75,25.7,7.89,summer,26945.4
Potatoes,715.41,13.17,11.65,12.97,post-monsoon,157378.2
Soybeans,603.18,4.79,26.21,9.62,post-monsoon,18419.4
Soybeans,182.47,4.46,32.31,6.16,winter,11376.8
Wheat,638.61,7.87,24.89,12.34,post-monsoon,28126.0
Potatoes,1133.33,2.19,15.04,5.3,monsoon,122553.5
Soybeans,270.23,3.28,23.7,1.0,summer,13021.0
Potatoes,975.11,14.82,20.62,14.97,monsoon,125815.6
Rice,448.17,11.22,31.63,8.52,summer,35267.8
Wheat,467.37,13.65,24.34,9.84,summer,28334.5
Maize,414.55,12.56,21.5,5.95,post-monsoon,29944.5
Wheat,327.44,15.32,19.68,5.44,winter,23877.3
Potatoes,1239.38,3.34,20.91,5.43,monsoon,124499.6
Wheat,224.59,33.04,15.9,5.33,post-monsoon,23593.3
Potatoes,926.1,28.94,15.8,5.98,post-monsoon,148561.0
Soybeans,275.55,14.55,19.79,7.98,post-monsoon,15390.7
Soybeans,771.49,10.68,23.93,7.5,monsoon,20948.6
Potatoes,980.87,22.88,20.02,7.23,post-monsoon,140581.4
Potatoes,501.08,21.11,19.16,3.38,post-monsoon,148052.3
Wheat,307.01,29.42,28.8,1.91,summer,23076.9
Maize,397.41,17.45,23.56,7.81,summer,28701.7
Potatoes,577.16,4.04,20.01,8.73,post-monsoon,167474.6
Rice,609.58,32.03,28.95,6.33,post-monsoon,37394.5
Soybeans,518.1,66.76,18.67,5.25,summer,16175.3
Maize,677.05,5.91,26.05,4.81,post-monsoon,34397.5
Rice,346.08,6.36,34.95,5.11,post-monsoon,24941.5
Soybeans,496.07,12.08,23.75,5.39,post-monsoon,16904.4
Potatoes,215.17,53.37,27.16,9.95,summer,98645.6
Wheat,440.44,7.43,28.77,6.71,monsoon,29741.2
Wheat,400.73,8.19,22.23,5.87,summer,28863.4
Wheat,764.24,1.58,18.64,7.84,monsoon,33260.6
Rice,385.73,10.63,27.58,9.95,winter,31509.8
Potatoes,228.22,15.61,22.86,8.61,winter,138710.2
Maize,1507.49,29.14,16.21,4.04,monsoon,18881.1
Soybeans,610.33,24.8,24.37,11.07,summer,16871.1
Potatoes,161.53,9.14,17.72,7.96,summer,131974.0
Potatoes,135.86,3.41,21.35,7.92,winter,109031.1
Wheat,1116.83,4.04,27.37,7.19,monsoon,25989.4
Potatoes,220.76,10.17,11.49,7.13,summer,118257.6
Soybeans,143.38,14.97,18.2,6.9,winter,11510.8
Maize,1168.58,4.23,25.18,9.0,monsoon,37222.8
Soybeans,1785.58,23.33,25.26,8.0,monsoon,11554.7
Maize,649.64,3.41,16.7,7.73,monsoon,31016.3
Wheat,309.48,19.68,16.59,11.22,summer,23513.8
Potatoes,256.77,7.78,13.69,10.81,winter,128368.8
Maize,173.38,6.28,18.09,9.32,winter,25499.3
Potatoes,127.63,3.48,20.81,5.37,winter,113011.2
Wheat,1166.98,16.4,26.54,6.98,monsoon,25641.0
Wheat,428.79,3.48,30.1,9.33,winter,20879.0
Soybeans,1346.62,18.52,19.93,11.62,monsoon,13959.4
Potatoes,244.22,5.92,11.94,5.37,winter,121989.7
Rice,540.88,18.14,24.12,9.09,summer,31931.2
Maize,148.42,22.31,21.02,8.44,monsoon,26135.3
Soybeans,282.48,11.25,20.98,7.22,winter,15148.2
Potatoes,711.7,3.48,21.48,8.29,post-monsoon,170739.5
Maize,1385.81,14.79,26.22,9.05,monsoon,29017.6
Maize,547.22,28.58,20.78,3.05,summer,29731.3
Rice,49.71,15.2,34.16,10.04,winter,19362.0
Soybeans,1095.09,73.86,29.27,8.2,monsoon,19713.9
Wheat,535.81,16.02,25.6,6.12,summer,27939.8
Potatoes,943.58,8.33,19.3,1.39,monsoon,146215.4
Soybeans,1266.63,18.73,24.91,1.0,post-monsoon,13421.3
Maize,1612.22,22.04,35.0,8.8,monsoon,24746.0
Rice,226.47,3.0,34.48,8.64,post-monsoon,26032.2
Potatoes,1113.61,15.31,18.65,7.27,post-monsoon,132755.9
Potatoes,853.04,1.97,21.36,5.43,post-monsoon,149768.0
Wheat,195.1,5.84,19.52,8.05,winter,21445.1
Maize,267.48,19.6,32.08,5.01,post-monsoon,25421.7
Rice,370.6,31.08,22.26,3.11,summer,21470.9
Maize,666.71,7.51,24.25,6.98,monsoon,35165.8
Wheat,299.44,9.69,26.53,5.32,summer,22611.3
Wheat,1078.1,3.45,13.85,7.27,post-monsoon,24350.1
Wheat,602.93,3.76,21.88,7.5,post-monsoon,30646.0
Potatoes,395.41,18.93,15.28,5.22,summer,157521.3
Rice,115.72,2.3,40.98,10.98,winter,15089.2
Potatoes,1042.3,7.31,20.64,9.08,monsoon,122204.6
Soybeans,796.49,1.24,30.36,8.8,post-monsoon,16852.8
Wheat,1470.67,20.64,22.86,11.29,monsoon,19735.7
Maize,945.74,28.2,19.96,5.36,post-monsoon,32078.4
Rice,1365.2,29.98,29.33,10.42,monsoon,46203.7
Potatoes,811.07,22.31,15.46,6.18,post-monsoon,158541.7
Potatoes,195.11,45.05,24.26,6.08,winter,120121.1
Soybeans,634.95,3.41,19.12,6.95,post-monsoon,19463.0
Rice,1755.05,3.95,27.44,5.01,monsoon,45270.0
Maize,251.61,1.22,26.74,5.65,winter,24804.4
Rice,641.13,13.65,22.11,8.02,post-monsoon,31376.4
Rice,653.77,3.31,31.91,11.16,post-monsoon,36421.5
Potatoes,142.28,3.18,11.6,5.44,summer,112543.8
Maize,426.15,5.09,21.22,5.47,summer,26559.3
Soybeans,504.72,37.97,31.5,6.68,summer,17146.8
Potatoes,727.59,11.9,10.4,6.99,post-monsoon,141616.9
Rice,350.7,9.21,28.21,7.45,summer,32597.2
Maize,272.83,15.24,23.0,8.25,post-monsoon,29454.5
Rice,447.3,3.46,25.76,6.81,post-monsoon,37194.4
Maize,869.75,48.3,28.45,9.09,post-monsoon,38239.5
Rice,589.68,1.54,32.14,7.36,summer,33793.3
Wheat,618.37,16.76,35.03,5.17,monsoon,23374.7
Maize,558.84,1.68,20.18,8.64,post-monsoon,33383.8
Maize,441.72,10.87,26.7,3.81,winter,31957.7
Potatoes,256.97,11.2,23.07,1.8,winter,100681.5
Wheat,463.38,12.48,27.22,9.17,post-monsoon,27006.1
Rice,1198.62,1.87,26.9,8.6,monsoon,46216.7
Soybeans,327.58,25.83,31.05,12.75,summer,12298.7
Wheat,226.7,1.04,18.68,11.34,winter,20931.3
Potatoes,318.79,4.9,15.74,8.67,winter,160448.2
Potatoes,166.57,49.43,16.62,8.41,winter,108630.0
Maize,151.76,12.23,26.91,7.42,winter,26183.4
Potatoes,194.2,19.15,15.35,5.44,winter,120412.5
Potatoes,225.12,9.93,20.86,13.25,summer,124166.2
Maize,89.8,17.53,40.84,12.59,winter,9031.8
Wheat,85.61,1.54,17.61,6.55,summer,16919.5
Rice,585.51,4.97,26.06,7.31,post-monsoon,38486.0
Soybeans,1117.55,11.16,20.85,9.27,monsoon,18160.6
Rice,255.73,13.89,29.31,7.6,post-monsoon,32649.3
Wheat,1256.16,14.68,25.58,8.26,monsoon,24960.8
Maize,267.05,26.35,24.21,6.9,winter,28488.4
Rice,202.58,4.59,30.19,10.92,winter,27599.0
Rice,547.86,6.67,24.03,4.52,post-monsoon,35587.9
Potatoes,949.49,23.0,14.65,6.88,monsoon,147147.6
Soybeans,717.01,18.68,20.48,5.61,post-monsoon,20258.3
Soybeans,1288.81,1.72,20.98,6.42,monsoon,18724.8
Maize,282.12,18.66,22.37,6.67,winter,22269.8
Rice,445.12,20.01,24.97,3.93,monsoon,35269.1
Potatoes,1531.91,35.51,24.55,6.44,monsoon,74437.2
Potatoes,388.99,17.44,15.17,9.91,monsoon,154306.9
Maize,684.58,10.4,28.45,4.09,post-monsoon,39268.2
Soybeans,236.12,20.12,18.07,6.07,winter,13557.0
Soybeans,377.37,10.81,17.29,3.43,summer,15313.0
Wheat,626.9,5.46,18.59,9.1,post-monsoon,28298.6
Potatoes,336.68,15.25,8.0,3.04,summer,120571.9
Wheat,396.94,12.55,21.76,6.99,post-monsoon,25816.0
Soybeans,369.07,2.1,24.13,7.52,summer,14999.9
Potatoes,162.36,20.35,16.59,11.49,winter,121702.5
Rice,372.44,15.82,31.62,7.15,winter,28613.6
Rice,478.31,21.4,32.45,7.29,post-monsoon,35451.8
Rice,1254.52,1.75,37.91,6.08,monsoon,37520.1
Soybeans,731.6,17.36,21.88,6.12,summer,17421.9
Potatoes,883.25,10.38,17.59,3.72,monsoon,170714.8
Maize,1032.39,3.73,21.2,5.97,monsoon,34430.3
Soybeans,455.89,6.09,27.24,5.79,summer,19866.1
Soybeans,269.64,9.0,29.24,11.21,winter,12533.3
Rice,1033.54,30.21,31.42,8.63,monsoon,39303.6
Soybeans,1668.47,16.1,30.9,5.44,monsoon,11152.7
Rice,648.43,7.9,15.38,5.24,post-monsoon,27920.3
Soybeans,508.04,3.14,9.76,9.87,summer,10566.7
Maize,218.74,43.01,30.8,5.83,summer,25120.3
Maize,66.67,4.43,26.27,6.35,winter,26823.7
Maize,423.94,8.72,27.6,9.12,post-monsoon,33158.1
Wheat,676.16,2.42,28.49,6.24,post-monsoon,28883.7
Rice,254.23,33.59,23.56,6.67,winter,26646.4
Potatoes,317.57,25.29,18.05,7.35,summer,157828.9
Maize,287.44,3.5,14.56,5.17,winter,21299.7
Potatoes,769.09,1.21,11.91,6.87,post-monsoon,154614.3
Rice,425.73,20.05,27.83,5.99,summer,35332.5
Soybeans,486.52,11.33,24.71,8.26,summer,19949.2
Soybeans,244.39,11.04,25.64,7.8,winter,15701.7
Wheat,1006.0,20.79,26.82,9.97,monsoon,24423.3
Rice,358.34,10.44,33.88,6.62,summer,29419.6
Wheat,246.52,6.9,14.8,10.99,summer,17755.6
Wheat,310.55,12.59,15.38,11.11,summer,22965.9
Wheat,1339.62,4.39,22.29,7.22,monsoon,20903.4
Soybeans,1493.64,9.84,13.07,9.14,monsoon,10726.4
Potatoes,1452.9,3.64,17.2,4.03,monsoon,118312.5
Potatoes,209.15,14.31,15.86,8.15,winter,155649.5
Potatoes,2045.47,7.13,22.89,7.64,monsoon,86852.9
Potatoes,619.2,5.2,24.57,5.65,post-monsoon,162474.0
Wheat,178.02,9.97,21.25,5.85,winter,24476.0
Maize,568.86,3.86,26.92,6.29,summer,34445.7
Rice,841.38,4.24,25.5,6.31,post-monsoon,43402.2
Potatoes,768.61,2.2,15.2,11.55,post-monsoon,142841.7
Soybeans,444.49,24.84,17.81,8.31,winter,14791.5
Potatoes,323.35,13.19,13.31,5.25,summer,135064.6
Wheat,202.13,11.91,22.82,5.91,winter,21385.3
Rice,380.74,12.09,17.13,9.61,monsoon,25427.4
Rice,520.38,4.08,25.98,5.55,post-monsoon,33636.6
Wheat,1113.12,26.45,18.15,7.58,monsoon,23326.6
Rice,332.41,62.67,28.87,10.07,monsoon,30445.6
Rice,396.35,10.91,29.1,5.24,winter,31797.9
Soybeans,475.43,2.22,19.4,7.42,summer,15916.0
Wheat,816.82,32.44,28.18,9.73,monsoon,29949.1
Potatoes,679.46,9.83,16.42,10.03,monsoon,179724.9
Rice,489.23,15.8,28.81,8.26,post-monsoon,37173.7
Soybeans,304.52,4.28,18.13,3.16,summer,12486.0
Wheat,887.97,11.26,26.07,8.12,monsoon,29442.2
Soybeans,403.66,12.86,11.66,9.22,summer,9680.8
Rice,188.48,5.67,29.17,8.45,winter,27647.0
Maize,212.02,33.39,22.28,7.22,winter,26866.8
Rice,124.32,28.42,25.91,4.44,summer,29703.5
Potatoes,69.6,1.85,18.32,6.07,post-monsoon,112283.2
Rice,706.63,9.47,27.27,2.49,post-monsoon,34995.7
Rice,439.66,13.6,23.03,8.35,summer,29542.8
Maize,834.86,2.55,24.69,5.59,monsoon,38437.7
Maize,950.55,21.18,25.85,7.4,monsoon,39567.8
Soybeans,703.03,19.85,18.86,8.18,post-monsoon,19901.2
Potatoes,649.51,18.6,8.99,8.35,monsoon,163098.8
Rice,215.74,2.77,26.92,9.16,winter,27386.7
Potatoes,530.93,1.8,15.53,4.01,summer,169418.6
Soybeans,416.74,2.24,19.13,9.99,summer,16011.6
Rice,211.21,6.66,22.58,6.57,winter,32797.7
Soybeans,605.96,14.98,22.95,5.33,summer,20845.9
Soybeans,742.36,13.92,21.56,12.39,post-monsoon,17587.8
Maize,363.9,2.95,32.81,7.08,winter,22722.3
Soybeans,315.39,2.34,23.62,9.73,summer,17022.9
Wheat,59.25,43.38,22.93,7.59,summer,21098.3
Maize,864.81,22.3,30.97,10.11,monsoon,29723.8
Rice,252.61,4.1,22.76,7.44,winter,29608.5
Wheat,174.63,5.67,17.6,9.41,winter,20150.7
Soybeans,387.78,9.83,23.66,9.08,post-monsoon,17542.9
Soybeans,218.07,7.95,19.8,4.39,winter,11159.0
Wheat,230.64,5.04,20.62,7.77,winter,24835.6
Wheat,564.9,23.14,23.41,6.38,post-monsoon,33381.8
Soybeans,638.01,21.43,17.52,8.0,post-monsoon,17286.6
Maize,1290.36,9.52,28.62,12.75,monsoon,32928.6
Maize,1390.04,3.09,26.91,10.22,monsoon,33294.6
Rice,231.71,10.72,22.75,5.55,winter,29806.4
Maize,719.97,23.61,32.43,11.1,monsoon,37412.1
Rice,322.36,23.14,30.99,9.82,winter,30834.8
Maize,359.74,3.94,20.29,10.03,summer,28278.2
Rice,344.84,25.88,24.94,3.39,summer,26345.6
Potatoes,202.95,1.65,19.52,8.84,winter,118724.5
Rice,195.33,1.96,31.14,6.98,winter,31819.9
Potatoes,746.24,7.96,22.78,7.22,post-monsoon,175642.1
Soybeans,187.28,11.94,14.67,6.79,winter,11183.2
Maize,705.69,2.51,34.27,10.05,monsoon,31736.4
Soybeans,1216.96,11.6,17.12,8.79,monsoon,17272.8
Wheat,1224.42,25.74,21.26,5.83,monsoon,21948.2
Potatoes,707.86,2.72,15.34,4.08,post-monsoon,132245.5
Soybeans,247.59,18.4,32.86,11.15,winter,10455.9
Soybeans,683.01,1.86,21.13,7.88,post-monsoon,20099.3
Soybeans,164.57,4.44,19.54,7.89,winter,13157.2
Rice,326.35,7.35,26.93,7.25,summer,30276.4
Rice,651.89,1.64,27.44,8.76,post-monsoon,38720.7
Soybeans,785.77,11.0,19.4,4.22,post-monsoon,19461.5
Maize,1130.8,2.97,26.74,4.98,monsoon,36542.3
Soybeans,1343.69,2.46,21.75,9.54,monsoon,18721.7
Rice,537.94,2.02,27.76,7.95,post-monsoon,41874.3
Rice,246.65,2.23,25.91,4.19,summer,32341.4
Maize,282.03,6.28,30.02,6.24,summer,26948.7
Maize,597.14,10.45,32.29,9.11,post-monsoon,28743.4
Soybeans,281.29,36.17,19.81,5.76,winter,13867.4
Rice,587.18,9.27,23.32,7.21,post-monsoon,38803.3
Soybeans,935.85,5.06,29.74,7.28,monsoon,17640.0
Soybeans,662.26,30.59,29.4,5.88,summer,20144.1
Rice,426.74,6.41,17.85,7.95,winter,23307.0
Maize,252.39,6.42,18.58,5.93,winter,23751.4
Soybeans,558.1,26.69,18.18,5.16,post-monsoon,17958.3
Soybeans,1300.7,14.23,24.03,7.66,monsoon,16655.8
Potatoes,145.96,9.99,16.72,7.08,winter,122091.7
Wheat,430.87,10.34,24.98,7.68,post-monsoon,28452.6
Maize,536.23,6.31,15.22,6.59,post-monsoon,29876.1
Rice,206.39,21.98,31.96,8.36,winter,24934.7
Wheat,519.99,12.42,21.16,5.04,summer,30316.8
Wheat,460.11,5.54,23.91,5.78,summer,28950.8
Soybeans,1209.07,4.93,22.71,8.47,monsoon,17085.7
Maize,529.44,18.28,27.16,5.51,post-monsoon,32318.0
Potatoes,279.98,1.73,19.1,8.71,winter,133584.6
Rice,1204.99,8.11,30.25,4.58,monsoon,45078.0
Soybeans,95.83,17.16,28.24,5.66,summer,13110.0
Rice,312.08,17.83,24.82,8.28,winter,30132.4
Wheat,403.56,25.74,27.43,5.66,post-monsoon,27149.6
Potatoes,383.22,5.01,16.91,7.21,summer,154500.5
Maize,252.48,27.74,19.66,9.38,summer,28619.2
Potatoes,256.13,2.18,23.81,4.68,winter,124830.2
Potatoes,536.53,9.74,20.51,7.47,summer,180728.5
Soybeans,378.98,8.03,22.24,9.21,winter,16673.3
Potatoes,1651.39,2.69,16.64,10.5,monsoon,107022.2
Soybeans,171.6,4.76,19.35,7.88,winter,13407.7
Wheat,211.54,3.62,10.96,6.45,winter,12744.4
Maize,412.19,1.09,21.65,6.49,post-monsoon,30493.3
Maize,535.07,9.63,21.24,7.8,post-monsoon,35324.7
Maize,235.99,2.45,28.36,7.53,winter,24079.6
Maize,1514.26,60.23,25.11,11.75,monsoon,27917.5
Potatoes,827.26,29.58,10.43,2.49,monsoon,118444.0
Potatoes,178.63,4.57,22.48,5.79,summer,127019.0
Wheat,954.86,14.04,24.88,9.69,monsoon,30342.7
Potatoes,1535.83,5.65,29.0,6.49,monsoon,75212.0
Wheat,1786.1,11.96,16.67,9.02,monsoon,16575.0
Rice,1179.59,2.54,30.79,7.95,monsoon,46973.2
Rice,408.17,8.99,23.28,2.76,summer,28523.1
Potatoes,345.63,23.42,21.66,9.14,monsoon,172987.3
Maize,185.37,11.71,24.16,9.8,winter,25059.6
Soybeans,168.71,2.25,13.22,10.74,winter,10007.0
Maize,583.56,3.17,23.27,10.49,post-monsoon,39535.7
Soybeans,356.88,6.0,27.9,10.28,summer,17524.3
Maize,174.27,23.12,26.04,7.27,winter,28352.4
Soybeans,415.5,1.34,21.69,6.89,winter,15676.9
Maize,1060.68,1.28,27.05,4.25,monsoon,36579.6
Maize,147.47,27.31,23.23,6.77,summer,26588.2
Soybeans,115.28,3.01,16.57,8.32,winter,8857.4
Wheat,620.19,5.32,23.25,6.45,summer,32933.7
Potatoes,1111.74,22.31,11.39,4.21,monsoon,116991.5
Soybeans,1212.91,19.3,18.08,5.7,monsoon,16589.3
Maize,379.81,16.75,18.99,6.53,post-monsoon,30943.5
Soybeans,770.21,10.15,16.49,7.63,summer,18324.7
Soybeans,276.95,4.87,22.04,7.67,winter,15102.0
Rice,409.03,5.32,27.14,6.87,post-monsoon,39481.3
Soybeans,483.93,31.12,28.78,12.21,winter,13775.0
Maize,296.93,12.06,26.53,1.5,winter,20502.9
Soybeans,1548.84,9.57,22.98,6.66,monsoon,15325.0
Potatoes,1440.9,13.01,21.95,7.2,monsoon,113057.6
Potatoes,489.06,19.92,23.07,7.53,post-monsoon,179251.2
Maize,1052.36,1.07,23.22,5.47,monsoon,38853.5
Potatoes,849.67,2.11,21.54,7.88,post-monsoon,164505.9
Wheat,235.73,6.15,18.28,5.31,winter,21868.7
Maize,84.31,19.99,26.07,7.0,winter,22417.4
Soybeans,235.88,4.96,20.45,4.5,winter,13175.1
Maize,226.85,47.35,14.98,8.59,winter,16588.2
Potatoes,1623.85,11.58,11.46,1.0,monsoon,69015.7
Soybeans,367.88,20.55,27.91,9.11,post-monsoon,17193.4
Soybeans,431.68,26.64,26.14,4.19,summer,16925.5
Rice,858.92,1.78,27.08,9.39,monsoon,41026.6
Rice,419.73,4.78,32.63,6.32,post-monsoon,29659.1
Maize,339.9,29.89,21.68,6.6,winter,29665.1
Soybeans,1202.16,13.02,21.09,1.0,monsoon,15160.4
Rice,1301.06,18.18,22.92,7.48,monsoon,44995.9
Wheat,378.37,13.4,27.29,7.51,post-monsoon,24947.2
Rice,457.11,8.34,26.38,1.0,summer,31040.4
Rice,305.04,23.79,19.92,10.09,post-monsoon,25666.2
Wheat,454.95,17.83,25.15,9.87,summer,27981.6
Potatoes,308.88,45.07,17.18,7.93,winter,138090.8
Soybeans,351.92,1.53,33.82,4.98,summer,13447.8
Potatoes,472.02,14.98,20.95,4.69,summer,162318.3
Potatoes,424.71,4.72,18.41,8.65,summer,160439.6
Potatoes,1643.57,3.98,15.25,2.76,monsoon,85504.6
Soybeans,270.27,6.5,29.49,6.52,winter,13365.7
Potatoes,84.82,4.03,14.37,10.11,winter,97806.7
Wheat,404.97,26.37,31.19,8.48,winter,25200.3
Maize,576.67,3.78,25.9,3.12,summer,33747.2
Maize,662.56,8.7,27.83,7.38,post-monsoon,36259.2
Soybeans,1426.9,13.41,32.86,12.32,monsoon,10334.3
Soybeans,139.74,12.69,20.92,6.06,winter,13226.3
Rice,672.09,6.9,28.23,8.25,monsoon,44713.5
Soybeans,787.82,8.62,17.71,6.41,monsoon,20475.3
Wheat,154.71,4.32,21.22,7.09,winter,23175.1
Potatoes,203.63,8.39,19.12,9.1,winter,122364.5
Rice,200.68,3.82,26.58,6.5,winter,26772.1
Maize,694.05,4.61,26.86,7.12,post-monsoon,36432.9
Wheat,187.29,3.53,22.79,7.41,winter,22706.7
Maize,403.74,16.2,27.86,6.79,summer,27389.7
Wheat,731.77,9.29,24.36,10.71,monsoon,31908.8
Wheat,224.94,16.66,25.02,9.21,summer,22067.2
Maize,211.79,2.51,24.67,12.25,winter,22841.1
Wheat,315.12,6.98,21.09,5.38,winter,27239.2
Potatoes,86.68,10.96,23.04,5.29,winter,114747.3
Maize,144.02,3.99,28.65,7.04,winter,21972.6
Wheat,343.01,7.89,25.43,7.26,summer,26908.5
Maize,626.41,27.94,25.52,4.75,summer,30827.0
Rice,898.25,4.54,24.33,3.45,post-monsoon,39973.5
Maize,523.09,7.32,27.22,7.03,post-monsoon,34682.4
Maize,462.88,8.47,31.07,7.16,post-monsoon,32215.6
Potatoes,677.38,10.11,17.1,9.38,post-monsoon,145678.5
Potatoes,375.71,3.73,15.24,4.83,summer,160452.1
Potatoes,539.3,13.28,17.19,9.77,summer,157335.0
Wheat,482.76,2.61,28.98,4.87,summer,23437.8
Maize,869.96,1.98,32.11,11.35,monsoon,34857.2
Rice,97.02,6.39,27.67,6.19,winter,34815.0
Soybeans,1473.6,9.53,28.02,7.08,monsoon,12686.6
Soybeans,551.47,15.23,28.98,9.04,summer,17738.2
Potatoes,232.07,3.05,17.66,8.6,winter,122608.6
Wheat,1383.89,5.49,27.71,11.09,monsoon,13649.6
Rice,162.5,20.17,27.72,6.0,monsoon,33868.5
Wheat,254.72,10.34,36.62,7.77,winter,18940.1
Potatoes,374.69,20.85,8.26,8.05,summer,123813.5
Soybeans,745.63,4.46,22.04,9.65,post-monsoon,20514.5
Maize,256.1,6.22,21.8,4.49,winter,22791.7
Wheat,356.55,19.38,17.66,5.29,winter,23739.1
Rice,859.89,19.44,21.2,7.41,post-monsoon,38130.9
Maize,513.17,7.79,26.3,4.59,post-monsoon,30103.3
Wheat,606.89,17.07,18.21,6.42,post-monsoon,27925.8
Rice,212.3,3.76,22.35,3.26,post-monsoon,25465.4
Wheat,745.08,12.11,16.98,7.52,monsoon,31419.0
Maize,647.2,10.67,21.86,4.79,summer,33105.9
Potatoes,170.82,14.38,25.28,2.86,winter,121431.8
Wheat,1352.41,11.63,14.32,6.46,monsoon,19065.6
Rice,174.35,4.5,35.48,7.11,winter,22815.8
Soybeans,1057.74,14.39,26.49,6.04,monsoon,19989.1
Wheat,247.94,30.52,21.13,7.56,winter,22914.1
Soybeans,931.85,13.18,15.97,11.37,monsoon,18409.6
Rice,205.99,17.11,28.32,7.74,winter,29207.3
Wheat,365.52,11.91,25.49,3.48,summer,23975.1
Rice,293.72,3.68,29.36,7.19,winter,32884.1
Rice,326.05,6.57,31.44,5.09,winter,29310.5
Wheat,550.22,28.09,33.82,5.04,summer,19640.7
Wheat,229.8,15.67,29.27,3.65,winter,19925.0
Rice,1018.43,8.04,23.17,5.63,post-monsoon,43669.1
Wheat,403.55,32.43,12.4,6.97,summer,20907.3
Wheat,1383.86,19.53,21.21,7.11,monsoon,20389.2
Soybeans,519.85,20.67,28.79,6.48,summer,19572.3
Wheat,578.13,17.28,25.9,2.94,post-monsoon,28233.1
Rice,623.24,19.52,27.63,8.54,post-monsoon,36449.5
Rice,499.07,9.39,27.05,9.66,summer,29069.0
Wheat,274.88,7.42,23.09,5.73,winter,20043.4
Wheat,74.97,9.07,16.67,5.08,summer,21797.4
Potatoes,486.74,5.23,20.05,10.65,summer,161419.7
Wheat,225.41,4.02,24.12,5.05,winter,21999.2
Wheat,125.96,4.2,25.0,6.63,winter,19737.6
Soybeans,814.49,10.34,34.44,3.04,post-monsoon,12743.3
Rice,417.66,25.53,29.67,1.0,post-monsoon,29766.1
Rice,258.05,5.94,27.43,4.69,summer,31955.1
Rice,333.8,9.51,20.58,6.67,summer,29691.2
Potatoes,393.6,15.0,14.18,12.07,summer,151461.6
Soybeans,861.34,8.97,24.66,7.9,post-monsoon,20585.0
Maize,229.1,26.7,32.15,7.83,winter,21764.7
Maize,1028.93,10.36,21.51,6.31,monsoon,40096.3
Soybeans,1173.74,20.54,21.2,6.52,monsoon,17096.5
Soybeans,442.33,15.72,23.53,8.76,post-monsoon,20166.4
Soybeans,925.76,6.72,23.35,8.45,monsoon,20795.3
Rice,215.92,2.31,32.26,5.09,winter,27544.6
Wheat,696.03,20.49,29.28,8.76,post-monsoon,28602.9
Rice,686.05,3.23,22.69,10.51,post-monsoon,37294.1
Wheat,1214.18,11.91,24.32,7.49,monsoon,25621.0
Rice,628.83,7.43,32.81,5.02,post-monsoon,37190.4
Maize,369.82,24.72,16.2,7.97,winter,20535.9
Soybeans,129.92,6.79,24.16,7.56,winter,13479.4
Rice,1526.71,4.68,29.98,9.32,monsoon,39947.2
Maize,264.0,4.92,17.34,6.63,winter,25720.4
Maize,728.95,19.54,27.64,7.87,post-monsoon,35399.1
Rice,310.2,4.68,29.28,6.53,summer,28446.2
Potatoes,537.21,3.69,19.78,6.11,summer,186472.3
Potatoes,919.38,2.2,21.22,5.23,monsoon,154789.1
Soybeans,843.89,73.53,19.94,7.92,post-monsoon,19687.7
Maize,1062.53,11.02,22.48,10.04,monsoon,35476.4
Soybeans,383.34,1.06,29.57,7.09,post-monsoon,15011.6
Maize,232.21,13.2,17.36,5.34,post-monsoon,22563.5
Maize,777.01,25.34,27.04,11.13,monsoon,40622.2
Maize,371.62,8.02,17.46,5.72,winter,29593.1
Rice,574.6,36.76,32.62,7.02,post-monsoon,36183.1
Potatoes,332.09,13.4,16.23,5.7,winter,147671.7
Wheat,413.32,7.41,18.26,8.88,summer,27626.0
Soybeans,423.87,1.23,21.35,6.16,winter,17495.8
Wheat,1031.03,29.92,15.66,11.76,monsoon,22784.5
Soybeans,848.68,17.19,25.5,5.38,post-monsoon,20200.7
Soybeans,941.91,4.39,27.78,7.52,post-monsoon,19898.2
Maize,1270.08,20.32,25.01,4.47,monsoon,38309.4
Wheat,867.76,12.58,18.82,9.17,monsoon,33859.1
Potatoes,219.02,14.28,13.68,1.96,winter,99412.8
Rice,293.19,3.21,17.77,6.01,winter,27891.9
Maize,576.56,3.18,21.14,7.83,post-monsoon,32958.0
Soybeans,513.61,1.25,21.58,3.86,post-monsoon,18976.2
Rice,555.23,3.03,20.5,9.13,monsoon,38660.3
Rice,373.23,50.8,21.37,6.6,post-monsoon,33626.7
Rice,260.51,6.12,31.92,4.14,summer,26860.8
Rice,1166.98,8.64,21.8,7.04,monsoon,43043.9
Wheat,1809.42,20.3,24.93,5.0,monsoon,18093.5
Soybeans,910.75,11.39,25.72,7.65,monsoon,19581.7
Rice,142.09,14.0,30.3,1.76,winter,26817.1
Soybeans,272.79,5.04,20.42,8.1,summer,15069.6
Potatoes,255.91,20.18,20.23,6.12,winter,125587.9
Maize,624.4,3.31,20.78,8.0,post-monsoon,34362.7
Wheat,837.28,4.67,18.62,6.1,monsoon,32679.0
Potatoes,441.47,2.98,19.88,10.39,summer,165115.3
Wheat,299.96,1.49,20.69,9.07,summer,25153.3
Maize,287.59,18.15,31.83,9.16,winter,26645.7
Wheat,352.52,9.57,20.17,5.5,winter,23116.0
Soybeans,1108.19,1.43,28.43,5.37,monsoon,17989.2
Wheat,567.95,1.61,20.91,3.12,summer,27925.1
Wheat,434.89,6.73,17.53,4.96,summer,25286.8
Rice,258.67,10.76,23.78,4.11,winter,29989.5
Potatoes,199.17,2.1,12.71,5.92,summer,142187.7
Wheat,455.71,1.51,18.72,3.92,monsoon,27063.9
Soybeans,1707.58,36.29,28.93,9.17,monsoon,10681.6
Maize,413.26,56.39,29.78,9.19,post-monsoon,31860.9
Rice,473.16,6.05,25.85,2.9,post-monsoon,32197.4
Wheat,565.47,15.86,20.91,5.76,monsoon,31164.3
Potatoes,437.0,5.18,21.63,5.01,summer,151679.2
Maize,346.85,24.27,24.43,9.1,winter,25778.6
Rice,430.82,7.96,32.06,5.43,post-monsoon,31235.3
Rice,262.72,3.28,30.08,7.57,winter,30634.2
Potatoes,448.76,11.51,14.34,8.94,summer,173380.7
Rice,342.45,25.76,26.35,4.72,summer,32958.1
Maize,252.47,11.32,20.2,6.69,post-monsoon,26609.0
Potatoes,636.64,19.36,13.82,7.81,post-monsoon,164536.9
Soybeans,1262.99,34.43,34.4,2.64,monsoon,12043.1
Soybeans,188.94,3.95,27.79,7.06,winter,13449.4
Potatoes,685.55,17.41,19.11,8.61,monsoon,186472.7
Maize,331.63,3.04,27.1,7.2,summer,27895.5
Wheat,859.1,20.83,21.68,5.61,post-monsoon,27482.5
Potatoes,824.91,7.55,22.48,5.67,monsoon,164891.8
Rice,234.62,12.59,29.04,8.91,winter,26077.2
Soybeans,299.14,1.54,20.19,10.88,summer,14923.3
Maize,228.64,1.57,28.38,8.02,summer,27023.0
Potatoes,207.97,7.4,14.45,6.28,summer,124561.0
Rice,483.34,3.05,28.02,3.99,post-monsoon,33494.9
Soybeans,580.39,9.38,21.35,3.21,post-monsoon,18810.5
Maize,1186.73,17.75,28.46,3.83,monsoon,38422.1
Rice,185.86,2.9,36.09,8.94,winter,23803.6
Potatoes,355.05,30.59,18.7,2.08,winter,125423.2
Rice,276.74,3.91,18.94,8.25,winter,24366.1
Maize,1680.44,20.64,21.54,10.27,monsoon,22479.4
Wheat,912.53,73.5,14.66,10.71,post-monsoon,23566.4
Soybeans,199.96,1.82,17.17,4.59,monsoon,13125.1
Potatoes,1059.69,8.01,8.0,7.47,monsoon,93803.5
Rice,332.5,1.65,32.55,9.71,winter,26164.4
Maize,478.37,36.54,23.88,8.59,post-monsoon,30923.0
Wheat,395.62,1.12,17.18,6.03,post-monsoon,23468.1
Maize,303.21,6.43,30.23,9.06,summer,23668.0
Soybeans,2035.22,9.64,30.5,5.6,monsoon,10365.1
Soybeans,355.99,4.6,22.46,5.25,post-monsoon,15849.6
Potatoes,240.32,2.05,13.52,9.1,winter,121968.9
Rice,1095.79,7.02,23.71,2.17,monsoon,40122.7
Soybeans,849.34,10.51,20.83,8.32,monsoon,20675.2
Wheat,158.6,22.08,13.32,6.8,winter,17272.7
Potatoes,735.89,27.07,21.04,3.71,monsoon,177931.3
Soybeans,714.15,14.39,20.24,3.33,monsoon,19381.1
Wheat,805.47,17.07,24.61,4.24,post-monsoon,28619.7
Potatoes,145.28,25.13,22.47,9.23,winter,132959.1
Maize,1978.44,5.81,21.91,3.16,monsoon,16839.6
Wheat,521.81,21.8,24.19,7.46,post-monsoon,30407.0
Potatoes,716.67,9.13,30.15,6.51,post-monsoon,111595.3
Wheat,1355.43,2.3,18.38,8.47,monsoon,20702.8
Rice,925.55,12.09,31.47,9.25,monsoon,46767.1
Rice,743.57,13.67,26.72,9.9,post-monsoon,35401.5
Potatoes,274.83,8.81,13.06,4.88,winter,141892.8
Rice,512.24,10.53,16.87,4.32,post-monsoon,32055.4
Maize,269.17,9.32,25.39,11.06,winter,29707.9
Rice,267.18,7.26,23.01,8.57,winter,28261.2
Soybeans,432.06,19.85,14.71,8.51,summer,14940.9
Wheat,451.47,14.01,22.74,4.8,summer,26640.8
Maize,200.62,22.79,24.64,8.58,winter,26420.8
Potatoes,1177.88,9.29,16.79,6.82,monsoon,134847.7
Potatoes,440.32,27.62,21.92,4.47,summer,143333.9
Potatoes,1324.82,6.81,8.48,10.33,monsoon,75434.3
Rice,338.91,1.82,14.96,5.01,summer,21983.6
Soybeans,78.26,9.06,22.03,2.03,winter,11483.5
Soybeans,395.09,14.18,27.93,10.37,winter,14509.0
Soybeans,268.68,63.84,26.36,6.19,post-monsoon,17717.4
Maize,495.13,9.13,30.48,5.11,summer,31830.9
Potatoes,185.31,4.98,14.39,10.1,winter,147495.2
Maize,280.54,4.19,25.43,9.95,summer,32686.3
Rice,422.45,12.41,26.9,4.91,winter,29703.1
Wheat,1232.85,13.29,28.43,4.99,monsoon,23930.6
Potatoes,725.74,30.08,13.4,1.94,post-monsoon,155604.7
Potatoes,491.86,33.02,22.36,7.24,post-monsoon,167241.3
Rice,1414.98,11.4,16.47,5.36,monsoon,38869.0
Wheat,237.64,2.35,28.7,7.0,winter,19188.8
Soybeans,380.91,8.34,29.3,10.78,summer,17073.7
Rice,50.95,3.64,21.03,5.38,winter,25306.6
Rice,265.9,14.51,18.45,4.9,winter,22480.0
Soybeans,610.09,2.49,28.54,5.08,summer,18201.4
Maize,428.59,7.06,25.39,9.15,post-monsoon,31419.2
Soybeans,389.64,2.01,23.62,11.93,summer,14464.9
Rice,852.52,12.93,28.59,6.89,post-monsoon,39255.2
Soybeans,165.54,53.83,20.94,4.08,winter,14719.0
Rice,615.83,7.59,19.1,6.64,summer,35949.7
Potatoes,230.53,7.95,28.23,5.31,winter,97034.6
Soybeans,888.21,6.8,23.26,9.1,monsoon,21362.2
Potatoes,196.86,11.64,17.61,8.06,winter,135480.6
Wheat,272.1,19.41,28.92,8.11,winter,22924.4
Wheat,473.12,3.99,21.51,12.68,summer,27843.5
Wheat,469.87,10.4,24.82,8.98,summer,26859.9
Rice,1265.98,6.84,23.82,8.39,monsoon,41510.2
Potatoes,67.3,9.46,16.31,6.51,summer,122455.4
Potatoes,1148.71,10.79,14.33,9.53,monsoon,120283.2
Potatoes,694.51,1.96,20.98,5.78,summer,175430.3
Soybeans,170.74,2.85,24.6,7.8,summer,15277.7
Potatoes,796.1,9.07,18.51,4.22,monsoon,189789.1
Soybeans,387.77,5.55,21.42,10.83,post-monsoon,17332.0
Potatoes,223.4,5.84,20.54,4.66,summer,136436.9
Soybeans,1874.04,5.72,19.05,9.48,monsoon,11149.6
Rice,451.86,1.2,26.11,8.69,winter,37253.5
Maize,197.09,9.85,29.13,5.07,winter,27240.2
Soybeans,442.86,12.57,27.92,11.92,summer,15414.4
Soybeans,264.5,2.64,21.25,2.67,winter,16323.8
Wheat,209.83,11.67,16.98,9.3,summer,23449.5
Potatoes,620.47,5.54,14.35,4.23,monsoon,182241.3
Soybeans,233.94,5.82,15.65,7.12,winter,12262.5
Potatoes,218.11,7.97,16.13,4.25,summer,133765.8
Soybeans,270.03,29.63,26.84,4.97,summer,13307.1
Potatoes,226.27,1.38,14.94,5.32,winter,130940.3
Wheat,721.68,1.27,9.45,6.9,post-monsoon,23653.7
Soybeans,331.92,7.74,24.92,10.13,winter,16090.5
Maize,222.19,4.4,26.43,4.92,summer,25419.8
Rice,697.47,2.02,33.66,11.8,summer,28248.7
Rice,119.7,21.05,27.47,5.2,winter,24120.9
Soybeans,941.0,5.86,27.93,4.43,monsoon,18527.2
Wheat,807.78,21.32,28.3,7.44,post-monsoon,28100.3
Soybeans,177.06,5.62,27.37,7.87,winter,12813.5
Wheat,177.91,4.28,18.4,12.12,winter,19024.2
Wheat,1022.53,20.54,22.68,7.44,post-monsoon,28794.9
Potatoes,506.97,1.67,11.03,5.89,monsoon,154412.3
Potatoes,243.44,6.49,20.43,10.47,winter,136190.6
Maize,193.39,1.08,19.92,3.89,winter,26334.1
Wheat,468.12,13.87,27.26,5.62,post-monsoon,27662.5
Soybeans,997.16,10.47,26.32,6.1,monsoon,23367.8
Potatoes,443.76,2.23,20.04,8.09,summer,161948.0
Potatoes,250.63,2.53,8.0,7.4,winter,131010.6
Rice,678.4,17.72,28.56,9.98,post-monsoon,34079.8
Maize,798.95,13.49,21.48,5.1,post-monsoon,35453.8
Maize,559.94,3.6,30.03,6.85,monsoon,34030.1
Maize,1522.23,5.42,32.12,10.65,monsoon,20327.9
Wheat,805.37,2.84,10.01,8.13,monsoon,25401.1
Soybeans,665.95,1.88,18.94,4.3,post-monsoon,16962.6
Maize,952.07,24.9,27.61,9.41,monsoon,41239.7
Rice,612.63,3.26,28.74,7.47,post-monsoon,33522.5
Rice,205.3,1.78,26.8,6.45,winter,27524.8
Maize,20.82,8.57,18.01,7.22,winter,22157.3
Potatoes,460.4,1.57,22.39,5.95,summer,152036.2
Soybeans,570.76,4.61,27.98,9.15,summer,17819.6
Maize,288.43,4.97,38.24,8.74,summer,25421.4
Rice,1419.31,4.17,31.5,7.93,monsoon,45329.3
Wheat,376.38,15.9,18.03,7.32,post-monsoon,25923.0
Rice,439.63,17.65,27.84,6.36,summer,33917.6
Wheat,386.88,21.25,17.9,9.17,summer,27694.5
Wheat,1371.11,1.46,27.61,7.09,monsoon,19165.6
Rice,101.29,7.1,29.41,7.84,winter,28709.2
Rice,1198.34,37.96,18.42,5.96,monsoon,41834.9
Maize,337.66,1.85,22.51,5.04,winter,25755.2
Maize,95.03,26.04,27.36,2.42,winter,18644.9
Soybeans,68.39,5.25,23.57,6.62,winter,13074.3
Wheat,951.85,1.88,23.44,4.77,monsoon,30796.3
Maize,292.44,38.33,22.66,4.99,winter,26737.3
Maize,371.59,33.76,26.1,10.92,summer,28285.1
Maize,310.51,7.0,20.55,4.87,summer,23437.6
Maize,205.16,17.14,20.51,10.61,winter,22728.9
Soybeans,422.88,7.4,18.02,6.45,summer,15507.2
Rice,346.41,36.43,26.38,6.01,summer,30063.0
Potatoes,215.01,18.91,19.35,6.89,winter,135143.2
Rice,647.17,1.86,29.44,9.95,monsoon,40656.3
Wheat,545.05,11.89,14.89,4.57,summer,24951.1
Soybeans,264.47,5.28,22.45,5.46,summer,15056.3
Soybeans,758.58,3.58,36.52,9.0,post-monsoon,16340.9
Maize,48.92,3.67,22.41,1.0,winter,20957.0
Soybeans,261.45,6.36,20.31,8.13,winter,15675.2
Potatoes,268.8,4.16,10.96,7.54,winter,106775.7
Wheat,124.3,2.42,19.1,5.66,winter,22729.2
Rice,946.3,4.98,30.13,6.16,post-monsoon,37376.0
Rice,451.66,3.7,30.04,9.02,summer,29220.8
Wheat,453.37,26.53,21.32,8.55,summer,31215.6
Wheat,366.35,31.19,13.65,8.86,summer,20471.8
Wheat,276.02,6.2,21.49,5.56,winter,18503.2
Rice,1682.63,7.82,28.99,5.65,monsoon,44872.9
Rice,459.46,17.39,32.25,5.58,monsoon,34879.0
Wheat,588.09,8.85,12.94,12.65,summer,21109.6
Wheat,126.16,8.91,23.09,9.52,winter,19052.2
Maize,103.37,5.27,28.56,10.07,post-monsoon,24467.1
Rice,1075.49,9.58,30.41,9.86,post-monsoon,44228.5
Soybeans,758.06,2.99,18.06,7.45,post-monsoon,20340.9
Maize,382.89,13.55,28.29,2.35,winter,27756.6
Potatoes,675.98,10.73,23.42,4.44,post-monsoon,150450.7
Maize,290.04,14.69,23.09,6.41,winter,25792.5
Maize,322.03,17.54,28.42,7.39,winter,23003.1
Wheat,1258.02,4.7,22.98,4.8,monsoon,25984.7
Rice,876.0,21.03,27.66,7.32,post-monsoon,41472.6
Wheat,816.95,2.59,27.06,7.46,post-monsoon,30490.7
Soybeans,283.2,1.3,26.92,6.62,summer,13481.3
Soybeans,177.95,21.13,20.69,8.04,summer,13690.3
Soybeans,419.82,20.62,11.88,8.07,summer,13928.0
Soybeans,117.44,24.81,19.99,8.91,winter,13453.5
Soybeans,393.8,44.11,25.8,4.84,winter,16445.6
Potatoes,386.0,2.35,10.02,5.1,summer,133667.7
Soybeans,532.38,48.68,21.46,5.96,post-monsoon,20388.5
Wheat,929.83,16.24,28.6,2.24,monsoon,23094.3
Wheat,341.67,24.66,20.7,10.96,summer,21923.0
Potatoes,137.72,4.16,24.59,9.23,winter,107415.2
Soybeans,439.27,12.96,29.08,4.34,summer,17717.8
Potatoes,391.84,32.03,17.43,4.59,winter,138195.8
Potatoes,522.31,4.45,17.85,9.32,summer,192360.1
Potatoes,1174.14,1.19,23.72,4.65,monsoon,108676.4
Soybeans,369.88,33.36,15.84,7.59,winter,13307.8
Soybeans,502.91,16.24,26.06,3.57,post-monsoon,18245.7
Wheat,522.62,7.18,19.67,12.12,summer,26191.2
Maize,698.01,15.28,26.9,3.91,monsoon,35407.7
Potatoes,398.23,23.55,18.63,6.07,summer,144265.0
Potatoes,1047.28,1.11,19.96,5.53,monsoon,150150.0
Rice,42.12,2.54,27.71,10.37,summer,31397.1
Rice,229.72,2.25,20.37,10.42,winter,24273.4
Soybeans,572.87,17.1,18.84,8.49,summer,17333.7
Potatoes,189.97,46.07,14.11,10.38,summer,130964.9
Soybeans,224.25,36.41,30.78,6.5,winter,13285.3
Wheat,1348.01,4.33,14.18,4.22,monsoon,17430.2
Soybeans,172.78,37.94,16.88,5.02,winter,12352.9
Maize,397.38,7.35,30.0,11.24,winter,23663.3
Rice,549.85,47.38,33.36,6.72,summer,31610.7
Maize,1443.15,20.18,25.02,8.55,monsoon,35929.2
Maize,568.37,15.02,26.61,11.05,post-monsoon,31397.2
Rice,487.52,1.77,28.9,5.63,summer,34022.3
Soybeans,208.99,5.36,24.56,9.87,post-monsoon,14949.6
Rice,215.62,4.1,23.39,6.62,winter,33003.0
Soybeans,464.37,27.61,23.13,3.68,summer,17594.4
Rice,164.94,12.17,31.91,6.76,winter,24094.6
Maize,1298.3,11.08,16.28,7.63,monsoon,27165.8
Maize,525.48,35.89,25.11,6.83,summer,36526.0
Soybeans,804.28,5.7,24.59,6.5,post-monsoon,18291.6
Wheat,477.55,6.98,26.29,10.08,summer,27160.4
Maize,469.17,2.09,10.73,4.86,summer,18739.5
Potatoes,767.55,1.17,8.7,7.11,post-monsoon,143909.1
Rice,1521.6,38.44,31.15,8.05,monsoon,41775.4
Wheat,647.23,4.09,20.32,13.28,monsoon,29545.8
Maize,631.56,3.24,34.66,10.22,post-monsoon,25583.2
Wheat,280.84,19.96,12.45,6.79,summer,22803.6
Maize,1586.55,4.23,20.02,8.47,monsoon,25378.2
Maize,917.28,2.0,22.65,10.04,monsoon,37882.4
Soybeans,324.98,32.22,25.78,6.23,winter,14054.6
Rice,723.14,16.2,25.52,8.34,monsoon,38005.5
Maize,1409.08,5.68,39.48,9.2,monsoon,22444.2
Soybeans,529.09,4.14,22.25,5.56,post-monsoon,18701.0
Soybeans,494.22,5.64,17.89,6.76,monsoon,16073.1
Rice,134.42,4.32,16.38,7.72,winter,20719.2
Wheat,963.65,9.13,27.2,6.38,monsoon,28523.5
Potatoes,186.98,7.48,10.36,9.4,winter,111394.8
Maize,1564.54,5.11,17.36,4.36,monsoon,24327.2
Wheat,511.04,6.48,15.17,4.56,post-monsoon,27160.1
Soybeans,361.19,24.45,19.54,10.83,post-monsoon,15475.5
Potatoes,679.01,60.45,20.49,8.62,monsoon,166627.1
Potatoes,470.2,2.77,15.38,6.59,post-monsoon,179627.9
Maize,1539.02,7.77,37.49,1.33,monsoon,15047.3
Potatoes,305.59,11.11,16.41,9.35,monsoon,160667.1
Rice,462.68,5.46,27.14,6.88,post-monsoon,31670.1
Wheat,316.06,2.72,22.24,6.38,monsoon,25136.4
Wheat,456.59,20.8,25.58,7.57,summer,27060.6
Soybeans,325.57,4.7,23.65,10.99,summer,15850.2
Rice,1375.67,4.7,24.26,2.26,monsoon,42033.0
Maize,640.21,14.19,20.53,14.73,post-monsoon,25359.2
Maize,524.43,1.94,26.81,8.06,summer,35288.8
Rice,343.13,12.31,23.92,8.44,summer,31663.8
Rice,668.11,6.0,24.34,9.1,post-monsoon,33952.4
Soybeans,171.19,22.72,19.18,9.7,winter,13962.7
Rice,1204.94,10.3,23.93,7.1,monsoon,48799.6
Soybeans,1392.44,2.22,28.04,3.59,monsoon,14294.0
Soybeans,306.43,32.67,23.69,4.35,summer,12988.1
Rice,272.93,6.27,17.25,6.12,winter,17364.8
Potatoes,575.76,2.61,22.73,4.75,summer,148444.7
Maize,621.52,1.96,22.59,2.55,post-monsoon,26890.2
Maize,492.92,14.36,25.2,5.16,winter,26166.5
Potatoes,555.37,2.15,23.89,8.49,post-monsoon,137389.5
Rice,138.55,1.7,28.68,5.77,winter,27434.9
Wheat,615.17,77.66,16.67,6.59,post-monsoon,28231.6
Wheat,391.27,16.09,24.45,8.77,summer,25744.7
Potatoes,444.84,5.38,21.32,9.46,summer,145994.0
Wheat,303.02,5.78,22.98,1.64,summer,23464.0
Potatoes,363.31,1.69,20.72,9.11,winter,151673.5
Potatoes,503.15,39.03,21.78,3.51,post-monsoon,169106.3
Soybeans,232.77,4.22,25.43,4.89,summer,16105.0
Soybeans,458.9,2.9,21.11,9.2,summer,17746.8
Wheat,873.11,17.87,19.71,9.14,monsoon,34329.8
Maize,144.37,10.98,19.03,4.6,post-monsoon,19521.5
Maize,1017.58,3.22,26.9,8.73,monsoon,39135.2
Soybeans,738.13,3.5,23.65,4.03,post-monsoon,21143.2
Soybeans,474.72,7.61,37.46,4.55,summer,12890.9
Maize,331.72,14.57,30.37,8.24,summer,31568.4
Soybeans,999.6,7.64,17.81,4.13,monsoon,17891.8
Wheat,672.24,27.17,20.27,5.82,summer,29751.4
Rice,1294.37,9.06,25.05,6.47,monsoon,49971.3
Soybeans,759.09,37.65,24.81,8.72,monsoon,21497.9
Rice,332.94,1.04,38.47,6.07,summer,25179.1
Rice,133.18,5.27,21.55,8.62,winter,28542.9
Rice,376.54,30.25,27.95,7.25,summer,32372.5
Soybeans,236.62,2.05,20.25,4.22,winter,14929.3
Rice,493.5,3.88,26.1,7.4,post-monsoon,41013.9
Potatoes,847.53,7.51,13.94,6.5,monsoon,153797.4
Soybeans,474.92,19.53,25.38,10.16,summer,18917.1
Rice,373.64,3.29,32.97,9.55,summer,31705.2
Wheat,196.31,67.95,22.98,8.36,winter,18192.6
Rice,361.14,27.12,33.46,8.05,summer,32844.4
Wheat,943.36,2.18,28.56,4.27,post-monsoon,24565.4
Soybeans,215.89,12.67,15.37,4.43,winter,10861.3
Rice,531.55,13.0,33.21,7.82,summer,32920.1
Maize,125.94,2.89,25.59,9.08,winter,26330.0
Potatoes,655.29,1.86,15.9,5.0,monsoon,160966.5
Wheat,381.73,1.65,25.08,7.1,winter,24754.5
Rice,256.08,5.13,36.51,4.34,winter,21821.0
Rice,319.5,8.47,34.33,8.72,winter,24874.5
Rice,1170.27,2.94,29.9,6.75,monsoon,48657.4
Wheat,215.17,8.58,21.14,6.37,summer,23858.3
Wheat,358.73,16.06,17.32,10.32,summer,21199.7
Rice,1280.27,1.3,26.9,7.05,monsoon,44546.0
Maize,328.54,4.96,30.65,5.31,winter,23603.1
Soybeans,610.51,3.09,17.76,6.26,monsoon,19832.0
Wheat,626.53,18.62,19.65,4.52,post-monsoon,26976.5
Wheat,480.83,8.94,21.36,10.52,summer,26744.5
Potatoes,314.83,5.1,20.96,8.02,summer,152198.1
Maize,734.37,14.16,30.92,8.81,summer,32621.2
Potatoes,252.29,1.9,16.48,6.8,winter,103924.7
Rice,622.97,13.54,27.1,4.03,summer,36420.3
Maize,440.73,12.83,29.79,5.02,summer,29055.1
Potatoes,472.64,8.28,20.48,7.0,summer,171132.9
Wheat,1032.31,5.23,23.27,5.54,post-monsoon,28567.4
Rice,1050.84,1.19,27.4,4.68,monsoon,45335.2
Rice,317.28,18.28,28.44,4.69,summer,28742.5
Rice,216.94,8.25,17.85,4.48,summer,22804.0
Potatoes,182.68,6.38,18.74,6.71,winter,115072.7
Rice,466.99,20.65,31.3,5.52,winter,34682.0
Wheat,1923.21,30.98,28.59,7.33,monsoon,15622.6
Maize,161.04,36.78,24.15,6.34,post-monsoon,25793.1
Maize,568.48,10.63,18.68,8.22,post-monsoon,26087.8
Soybeans,1295.2,4.35,23.71,3.51,monsoon,14924.8
Maize,530.01,9.06,25.91,4.06,post-monsoon,33931.6
Wheat,565.28,25.9,23.5,6.11,monsoon,33165.0
Rice,1341.63,9.15,25.6,6.6,monsoon,45968.0
Rice,646.3,1.42,22.02,4.8,post-monsoon,38480.6
Rice,540.92,2.45,33.41,6.05,summer,32917.5
Maize,1119.46,5.02,32.45,4.97,monsoon,31738.3
Potatoes,434.69,33.47,26.01,6.5,summer,132057.5
Maize,70.24,2.2,36.77,7.8,winter,14930.6
Rice,725.49,14.67,29.57,7.11,monsoon,46953.7
Wheat,388.43,1.76,32.5,8.37,summer,21752.0
Wheat,325.21,9.98,22.75,7.11,summer,28750.0
Maize,504.85,3.83,22.53,9.17,post-monsoon,28061.5
Soybeans,190.38,19.32,28.84,9.48,winter,14802.3
Maize,209.15,1.9,21.87,5.94,winter,26480.5
Soybeans,1388.59,36.45,23.13,5.27,monsoon,15615.0
Soybeans,709.98,2.58,15.56,6.99,monsoon,17877.3
Soybeans,1158.34,19.2,15.29,6.27,monsoon,15168.8
Soybeans,787.41,52.17,22.63,4.76,monsoon,21668.9
Rice,879.74,3.3,17.69,7.28,post-monsoon,36905.1
Rice,286.83,27.93,32.01,9.23,winter,28733.9
Potatoes,1137.7,12.2,13.5,9.16,monsoon,126585.1
Potatoes,333.64,2.47,18.69,4.56,winter,131748.4
Soybeans,1072.13,8.44,29.13,3.55,monsoon,17415.7
Rice,806.36,1.81,20.0,8.47,post-monsoon,35430.0
Wheat,402.96,23.27,27.2,5.15,winter,21677.6
Soybeans,1192.48,3.79,30.27,8.97,monsoon,17030.5
Potatoes,467.12,6.92,17.65,4.16,summer,161640.1
Potatoes,192.63,19.33,16.82,4.65,winter,138664.2
Maize,886.72,6.49,31.54,1.82,monsoon,30297.5
Soybeans,1250.0,4.9,12.9,4.01,monsoon,12992.9
Soybeans,479.08,12.55,32.18,6.45,summer,15954.8
Wheat,106.09,8.54,25.42,6.71,summer,22283.4
Wheat,499.6,3.21,37.56,9.02,summer,18100.7
Soybeans,262.65,21.88,19.85,10.36,summer,16046.3
Soybeans,563.63,15.84,22.37,7.14,post-monsoon,19963.9
Maize,886.15,42.46,25.11,8.97,monsoon,39279.1
Wheat,366.89,29.38,24.63,8.19,summer,25587.3
Rice,209.13,9.4,30.63,8.3,summer,32910.6
Wheat,643.06,14.58,25.69,8.07,post-monsoon,27484.4
Wheat,485.65,27.71,30.19,9.61,summer,26487.1
Maize,173.54,7.41,29.81,4.9,winter,23382.4
Maize,397.94,24.33,15.99,5.34,summer,20026.3
Wheat,553.46,5.53,23.43,6.19,post-monsoon,31638.6
Potatoes,531.6,7.64,16.05,3.82,summer,159294.3
Soybeans,630.02,8.51,25.13,7.77,post-monsoon,20094.5
Maize,211.74,11.72,16.87,5.07,winter,22867.4
Maize,253.61,10.65,30.19,7.84,winter,28037.9
Wheat,257.39,42.61,16.65,9.39,winter,25533.2
Wheat,1393.89,12.01,14.22,7.0,monsoon,16826.9
Wheat,330.04,14.9,21.49,3.81,summer,23572.1
Wheat,1410.45,1.88,19.0,7.14,monsoon,19987.6
Maize,498.86,42.66,30.95,8.21,summer,31703.0
Rice,383.71,11.77,27.23,4.32,post-monsoon,33462.6
Rice,394.41,7.63,19.98,6.66,summer,30934.0
Wheat,178.46,41.58,26.08,3.55,summer,19746.3
Potatoes,545.9,3.7,17.65,8.72,post-monsoon,165569.6
Wheat,994.61,24.13,21.93,7.37,monsoon,30328.5
Rice,454.97,23.4,29.27,3.04,summer,32331.7
Rice,833.44,1.83,23.7,5.56,monsoon,44306.1
Wheat,544.74,32.28,19.96,9.27,summer,29162.1
Potatoes,239.12,8.39,16.94,8.87,winter,137759.4
Maize,708.8,10.83,22.35,4.83,post-monsoon,34652.1
Maize,233.89,11.57,19.35,7.68,winter,19245.7
Soybeans,1405.92,17.87,28.87,5.74,monsoon,13829.1
Potatoes,182.96,3.02,12.36,7.77,winter,103344.3
Soybeans,298.1,10.91,33.01,3.75,winter,9635.9
Soybeans,430.61,6.55,21.77,6.5,summer,18466.1
Maize,490.41,7.91,26.27,7.01,summer,34947.6
Wheat,723.21,3.34,27.03,5.15,monsoon,28461.1
Maize,964.97,1.35,36.91,8.97,monsoon,29243.3
Soybeans,383.04,3.86,28.54,8.66,summer,16543.4
Wheat,163.4,2.09,21.12,5.42,summer,23940.3
Wheat,422.85,11.7,19.91,12.17,summer,25974.4
Rice,479.38,10.34,28.67,5.98,post-monsoon,28764.7
Soybeans,288.83,15.43,21.63,8.33,winter,17742.8
Maize,683.7,5.95,20.65,12.53,post-monsoon,31563.2
Potatoes,637.17,15.35,13.57,8.28,summer,148801.3
Maize,1445.89,7.92,20.26,3.63,monsoon,27902.8
Wheat,996.06,1.81,14.17,4.03,post-monsoon,23065.5
Potatoes,328.7,20.07,22.24,5.89,monsoon,170721.1
Potatoes,872.18,25.79,15.67,9.2,post-monsoon,135263.9
Maize,655.37,25.9,31.11,8.3,post-monsoon,37346.4
Rice,720.62,7.15,25.17,14.1,post-monsoon,38851.1
Rice,381.99,7.44,30.23,8.43,post-monsoon,34496.3
Rice,236.94,12.3,17.89,4.82,winter,26418.7
Rice,345.48,4.37,25.55,5.38,winter,33797.4
Soybeans,594.99,2.68,13.35,3.38,post-monsoon,14361.9
Wheat,238.71,18.76,17.74,5.1,winter,19860.8
Potatoes,995.12,5.94,24.17,4.99,monsoon,131916.7
Potatoes,188.59,3.11,16.9,6.52,summer,141862.0
Soybeans,551.79,14.64,25.05,7.5,summer,19367.3
Soybeans,1283.1,1.02,15.27,5.65,monsoon,13072.2
Wheat,1198.63,3.15,27.97,5.07,monsoon,21563.0
Rice,711.37,4.68,35.19,13.01,summer,30083.8
Soybeans,893.23,20.73,24.26,7.32,post-monsoon,19340.4
Rice,436.52,8.89,26.88,6.6,summer,33769.9
Wheat,1537.54,10.6,17.44,8.02,monsoon,19230.7
Potatoes,177.45,5.04,9.98,6.13,winter,84806.9
Potatoes,1815.3,19.64,23.8,8.44,monsoon,62891.5
Wheat,607.92,9.53,23.29,9.63,monsoon,33134.0
Wheat,753.37,20.32,22.3,10.14,post-monsoon,30638.5
Rice,1389.88,40.3,31.11,4.33,monsoon,42942.3
Rice,179.6,6.94,22.0,6.55,summer,29941.1
Maize,587.68,4.09,14.11,5.25,monsoon,28484.2
Wheat,1520.46,13.06,14.62,8.14,monsoon,15874.8
Rice,613.07,3.38,22.94,4.86,post-monsoon,31452.7
Wheat,496.42,5.78,13.97,4.84,post-monsoon,27131.7
Maize,213.44,1.36,24.55,11.71,summer,24561.6
Wheat,409.35,13.92,18.02,6.85,summer,29072.6
Wheat,1584.9,2.42,21.57,6.74,monsoon,23206.7
Rice,182.52,1.46,18.13,5.28,winter,20997.5
Maize,839.28,6.68,31.25,9.13,monsoon,33806.2
Potatoes,453.5,30.01,13.23,5.96,post-monsoon,146160.6
Soybeans,1019.84,13.57,29.7,6.75,post-monsoon,16771.4
Potatoes,303.81,2.65,23.43,6.61,post-monsoon,131375.8
Maize,122.91,5.45,23.66,6.97,summer,29554.6
Rice,454.51,18.29,31.13,7.21,summer,31848.3
Potatoes,235.14,21.54,26.18,6.54,winter,112252.6
Maize,276.83,42.67,17.7,1.97,summer,21399.7
Soybeans,1016.29,23.8,29.15,8.53,monsoon,19051.9
Soybeans,195.21,7.87,24.72,10.02,winter,11233.8
Wheat,634.73,7.73,15.09,5.79,post-monsoon,29125.8
Wheat,552.31,14.2,21.29,7.34,post-monsoon,31764.1
Maize,354.61,6.18,17.41,8.26,winter,25621.2
Potatoes,812.81,4.94,14.69,8.88,monsoon,160118.8
Rice,1530.67,6.29,27.07,6.55,monsoon,44712.9
Soybeans,584.17,1.49,25.05,6.6,summer,22835.2
Soybeans,314.87,24.89,27.9,5.22,summer,18440.6
Rice,398.6,7.03,15.43,9.82,winter,23960.6
Wheat,340.15,8.12,25.4,6.02,winter,25170.5
Potatoes,356.76,27.25,8.55,6.3,summer,107913.6
Rice,64.53,5.0,33.17,6.17,winter,24424.9
Potatoes,182.75,32.0,14.94,3.52,post-monsoon,117472.6
Wheat,1014.9,3.42,16.58,7.02,post-monsoon,24085.4
Wheat,375.55,8.4,22.13,5.55,summer,24178.2
Rice,617.77,1.46,24.81,2.48,post-monsoon,35399.5
Maize,942.15,5.45,24.43,5.55,post-monsoon,36616.6
Potatoes,289.5,14.09,22.95,6.63,winter,111894.7
Rice,548.78,19.6,26.11,4.82,post-monsoon,37569.7
Soybeans,461.91,19.41,25.71,6.88,post-monsoon,20586.1
Maize,259.5,3.27,24.15,6.9,winter,25449.3
Rice,1143.3,1.06,31.28,10.96,monsoon,42665.7
Maize,520.57,11.17,28.71,6.04,summer,36480.9
Rice,905.37,1.96,34.15,7.04,post-monsoon,40079.8
Soybeans,977.0,8.43,26.71,7.19,monsoon,22050.2
Soybeans,623.87,15.42,26.82,11.43,summer,16586.3
Wheat,246.84,27.15,20.52,6.73,post-monsoon,21687.3
Maize,345.27,18.66,26.21,7.62,summer,29689.8
Soybeans,266.72,18.7,24.04,10.46,post-monsoon,14920.9
Rice,422.88,12.15,30.73,7.1,summer,26847.5
Maize,1594.36,10.36,8.0,8.13,monsoon,15910.8
Wheat,379.15,2.43,24.54,7.14,summer,24796.6
Wheat,878.01,20.0,18.31,2.71,monsoon,26153.2
Rice,455.01,7.93,29.47,8.11,summer,34597.3
Soybeans,420.47,10.9,29.65,2.27,summer,16114.0
Wheat,290.75,2.85,26.8,6.28,summer,25501.9
Rice,579.23,1.58,25.68,2.49,summer,34971.9
Maize,1048.6,30.49,25.72,7.9,monsoon,39563.9
Rice,225.06,1.54,30.21,5.43,winter,29130.8
Potatoes,307.6,5.75,23.41,6.11,summer,152546.9
Potatoes,1072.74,2.62,14.93,9.35,monsoon,129162.2
Rice,588.23,2.19,25.09,6.05,post-monsoon,39378.7
Wheat,581.06,9.42,31.75,3.89,summer,24519.7
Wheat,624.24,1.97,21.72,8.23,post-monsoon,32344.4
Wheat,225.73,13.24,21.87,1.33,summer,21015.4
Wheat,413.86,4.56,14.74,5.67,post-monsoon,24854.4
Maize,51.6,18.67,22.45,6.52,summer,21644.8
Maize,1130.08,25.27,26.73,6.11,monsoon,35984.2
Soybeans,191.22,17.3,32.25,8.44,summer,11569.7
Potatoes,221.1,3.5,16.92,10.73,winter,148707.4
Maize,404.12,7.64,19.21,5.82,summer,30239.2
Maize,275.6,10.76,20.39,9.74,winter,26084.9
Wheat,2292.85,51.34,20.71,8.28,monsoon,16636.3
Potatoes,275.83,10.33,16.81,5.97,winter,160111.7
Potatoes,48.38,3.51,16.19,13.76,winter,92172.6
Maize,84.53,4.66,25.9,2.72,winter,20601.1
Maize,386.34,3.31,16.47,6.65,winter,22221.2
Rice,656.79,45.69,29.99,5.38,summer,36224.0
Wheat,412.86,1.76,17.27,2.59,winter,23810.1
Maize,443.91,7.22,28.33,8.68,summer,34323.6
Potatoes,1354.95,8.1,12.47,3.36,monsoon,109532.7
Soybeans,391.69,3.41,30.55,2.33,summer,14847.9
Soybeans,413.02,7.45,27.14,4.73,post-monsoon,19271.4
Maize,289.56,14.15,23.69,9.71,summer,24753.6
Rice,207.47,4.1,26.11,6.6,summer,32021.2
Wheat,670.33,15.77,17.52,3.6,post-monsoon,30567.0
Potatoes,509.76,7.9,11.66,7.24,summer,144378.0
Maize,335.88,4.57,26.37,3.52,winter,25665.7
Wheat,312.4,6.81,20.86,3.52,winter,20782.1
Wheat,849.97,1.47,29.86,9.56,post-monsoon,24381.3
Wheat,585.25,6.04,9.39,6.62,post-monsoon,25006.6
Rice,375.34,7.56,12.5,11.18,summer,16621.4
Potatoes,864.1,5.93,20.03,6.41,post-monsoon,145544.6
Soybeans,291.68,37.61,17.39,9.78,winter,13279.9
Soybeans,634.24,5.75,18.69,6.71,post-monsoon,19583.9
Rice,435.52,4.28,22.51,5.58,summer,34805.5
Rice,377.9,16.65,24.32,14.23,summer,28752.3
Potatoes,731.31,4.81,22.73,6.4,monsoon,184820.6
Potatoes,1006.61,1.45,19.16,5.66,monsoon,113501.3
Soybeans,249.98,3.19,16.53,7.34,post-monsoon,13772.2
Wheat,416.98,24.22,23.15,7.06,post-monsoon,33583.5
Wheat,1419.53,11.23,16.22,3.13,monsoon,17771.7
Maize,447.31,31.29,22.04,9.44,summer,29975.9
Wheat,211.06,15.72,23.28,7.34,winter,23887.9
Soybeans,1091.95,6.57,27.8,10.45,monsoon,18646.8
Wheat,413.2,16.74,16.82,4.92,summer,28776.1
Maize,469.8,3.33,28.77,9.35,summer,27302.8
Potatoes,990.31,12.76,21.2,4.44,monsoon,146401.2
Wheat,491.0,13.21,25.97,5.59,monsoon,30019.7
Soybeans,480.23,6.12,18.96,7.63,summer,16945.3
Rice,569.06,9.05,31.82,7.62,post-monsoon,36122.9
Wheat,533.27,1.7,22.58,9.68,post-monsoon,26411.2
Rice,233.61,2.53,24.01,8.76,summer,33803.0
Wheat,547.57,20.8,25.5,10.27,summer,28277.3
Soybeans,668.53,16.54,21.13,7.5,post-monsoon,19644.4
Potatoes,86.28,15.16,18.03,9.15,summer,105847.1
Potatoes,849.92,33.67,20.64,7.02,monsoon,169889.2
Wheat,256.99,17.15,17.43,10.66,summer,25784.9
Rice,1256.59,17.09,21.44,8.33,monsoon,47632.0
Maize,1355.09,15.04,25.71,4.91,monsoon,37560.0
Soybeans,503.44,1.38,30.4,5.89,summer,16836.8
Soybeans,356.86,4.25,24.67,6.76,winter,16273.8
Rice,433.41,7.28,29.16,5.75,post-monsoon,34996.2
Wheat,634.31,8.45,17.24,11.22,post-monsoon,26123.3
Soybeans,270.62,9.72,18.32,7.44,post-monsoon,16202.8
Maize,352.78,20.67,26.39,4.94,post-monsoon,30373.8
Maize,402.29,27.41,14.55,10.29,post-monsoon,21673.6
Wheat,175.96,2.1,26.42,8.16,winter,18480.6
Maize,909.26,5.96,25.71,8.09,post-monsoon,39215.0
Potatoes,179.81,28.31,12.26,9.72,winter,104773.9
Potatoes,207.63,6.02,17.77,6.96,winter,140788.3
Potatoes,264.82,3.73,26.0,8.64,summer,122366.3
Soybeans,287.64,20.35,28.23,5.52,winter,13750.7
Potatoes,229.64,23.33,23.71,7.11,summer,109995.4
Rice,652.25,6.4,20.36,1.0,summer,26245.7
Maize,914.42,37.75,31.07,7.48,post-monsoon,32302.4
Rice,1276.51,6.98,35.7,6.35,monsoon,36071.1
Soybeans,431.86,7.35,25.81,6.74,winter,18935.8
Maize,194.23,4.11,26.99,9.24,winter,26101.5
Rice,608.03,2.74,30.73,7.11,monsoon,42810.3
Rice,962.88,5.11,22.07,6.43,post-monsoon,42850.2
Rice,136.81,7.75,34.2,4.12,summer,22728.6
Soybeans,1403.83,5.78,16.0,8.82,monsoon,13204.9
Wheat,121.47,17.48,20.29,3.6,winter,16401.2
Rice,791.86,6.81,29.74,11.38,summer,36723.4
Rice,2133.0,1.94,23.57,5.63,monsoon,35441.8
Potatoes,334.03,7.44,17.79,6.88,winter,151591.9
Maize,345.1,1.55,21.62,6.67,winter,31402.4
Potatoes,788.18,7.79,15.01,10.01,post-monsoon,164734.1
Wheat,510.83,15.94,16.41,11.42,summer,23071.5
Soybeans,867.11,11.9,26.49,8.34,monsoon,21928.7
Wheat,980.37,13.52,17.96,7.21,monsoon,27918.0
Wheat,487.82,1.99,27.56,4.44,summer,25235.6
Maize,428.06,1.47,26.79,6.3,winter,30495.7
Soybeans,490.17,4.6,24.77,6.52,summer,18729.6
Maize,690.28,17.82,16.17,8.16,monsoon,34636.4
Maize,562.93,5.24,15.23,9.3,post-monsoon,25438.2
Potatoes,641.5,2.49,21.39,4.68,monsoon,165985.7
Rice,1014.68,2.21,19.8,9.4,monsoon,42898.5
Rice,191.06,15.19,31.89,4.97,post-monsoon,30442.9
Maize,233.8,14.56,31.06,3.9,winter,23690.8
Rice,178.45,23.13,38.02,6.99,winter,23389.7
Soybeans,125.22,4.1,21.64,9.99,winter,12635.0
Maize,272.78,23.85,32.09,7.87,post-monsoon,25120.6
Maize,320.79,8.33,22.0,5.36,winter,27164.8
Rice,317.72,15.9,30.09,6.46,winter,25950.0
Wheat,1474.75,4.21,25.12,2.86,monsoon,16271.9
Wheat,432.92,5.87,26.11,6.97,winter,25322.3
Wheat,236.1,14.9,31.51,10.93,post-monsoon,16356.9
Wheat,397.08,37.3,24.01,8.9,winter,25844.2
Maize,501.87,10.07,29.23,6.68,summer,33311.3
Rice,1040.73,29.29,20.07,7.07,post-monsoon,39752.4
Soybeans,227.56,54.34,17.31,10.14,winter,12730.5
Wheat,583.33,14.85,24.55,8.25,post-monsoon,27666.5
Rice,165.86,22.04,25.94,4.84,post-monsoon,33121.7
Wheat,784.81,5.0,14.83,7.83,post-monsoon,25747.4
Potatoes,1383.99,6.61,14.47,7.9,monsoon,105664.1
Potatoes,1269.2,2.54,17.51,2.49,monsoon,109069.1
Rice,220.19,5.64,34.38,8.23,summer,25518.7
Wheat,1601.5,15.94,22.69,5.62,monsoon,20532.1
Soybeans,368.37,6.67,21.67,5.43,winter,13045.2
Maize,132.28,9.0,23.59,8.26,winter,25913.0
Soybeans,263.6,34.01,20.09,5.9,summer,14545.1
Rice,789.56,3.79,25.37,2.91,post-monsoon,35267.1
Wheat,349.83,1.82,16.1,8.54,winter,19787.4
Maize,1642.53,8.56,22.56,8.58,monsoon,27555.1
Rice,711.44,6.73,23.68,7.09,post-monsoon,37829.7
Soybeans,89.9,25.6,27.08,9.59,winter,11463.7
Rice,803.11,45.48,20.88,7.74,monsoon,36431.6
Maize,74.07,4.5,26.53,6.64,winter,21879.9
Potatoes,160.22,1.3,19.91,9.49,winter,134426.6
Potatoes,357.39,30.33,11.95,8.1,winter,121000.9
Soybeans,1510.17,2.07,22.71,10.17,monsoon,14126.0
Maize,328.26,21.29,16.67,5.84,winter,28553.3
Soybeans,248.03,1.41,30.78,4.47,winter,13422.4
Wheat,234.49,20.13,24.01,9.11,summer,24738.9
Potatoes,659.74,7.89,21.33,6.69,post-monsoon,179862.2
Soybeans,609.75,38.52,19.48,7.85,post-monsoon,19332.7
Rice,292.33,3.9,29.76,9.2,winter,27025.4
Soybeans,325.95,9.52,21.54,4.74,summer,13996.2
Rice,501.75,17.48,34.83,8.85,monsoon,31006.6
Soybeans,675.82,7.98,23.93,4.55,monsoon,22135.8
Potatoes,1565.42,2.41,23.11,9.23,monsoon,91297.3
Potatoes,266.1,3.24,12.82,3.11,winter,112445.8
Wheat,366.07,2.24,31.45,8.55,winter,21301.4
Potatoes,390.25,27.72,17.69,5.84,winter,164769.8
Potatoes,214.15,42.25,23.09,9.45,winter,132822.1
Wheat,187.93,12.23,21.58,11.87,winter,19838.6
Rice,388.12,3.1,25.6,7.0,monsoon,32104.5
Maize,325.05,15.57,16.34,11.72,winter,21776.3
Potatoes,483.58,1.8,17.81,5.2,summer,173885.9
Soybeans,132.47,5.58,19.75,5.74,winter,14566.7
Potatoes,87.76,6.74,27.4,7.15,summer,76288.9
Wheat,371.05,2.95,21.29,10.79,post-monsoon,26656.7
Potatoes,426.86,52.1,14.27,5.23,post-monsoon,154014.3
Wheat,453.54,13.28,15.44,6.01,summer,25424.1
Maize,408.78,4.63,21.74,8.41,summer,26328.3
Wheat,713.68,31.01,20.49,10.4,post-monsoon,31122.0
Wheat,290.81,28.81,21.4,7.58,winter,24322.8
Wheat,214.47,1.18,14.06,2.32,winter,17309.1
Wheat,506.08,15.65,13.35,7.27,post-monsoon,24792.3
Rice,365.07,33.28,33.42,7.36,winter,28131.5
Potatoes,996.71,3.4,18.87,3.07,monsoon,139756.4
Soybeans,386.63,5.56,18.44,3.87,summer,15727.2
Soybeans,671.97,5.08,19.17,8.94,monsoon,20449.4
Potatoes,1605.15,4.49,22.68,4.2,monsoon,101497.1
Wheat,388.71,7.63,26.0,6.59,summer,28610.3
Potatoes,570.3,19.24,8.0,6.88,summer,136320.2
Potatoes,296.93,3.33,9.5,4.16,post-monsoon,122769.3
Soybeans,546.78,20.57,23.59,11.36,summer,19110.5
Maize,670.01,6.89,12.54,5.75,post-monsoon,29032.2
Soybeans,380.58,1.83,32.92,11.2,post-monsoon,12163.8
Soybeans,1414.84,14.82,17.95,8.18,monsoon,13231.2
Soybeans,925.49,3.71,22.88,2.04,monsoon,19289.1
Soybeans,333.27,88.46,22.91,5.41,post-monsoon,15796.9
Maize,331.77,18.55,19.87,6.77,summer,26876.8
Wheat,558.6,18.27,14.47,9.68,post-monsoon,25440.0
Potatoes,1449.67,29.53,20.23,6.99,monsoon,105659.5
Maize,639.6,13.78,37.37,7.73,summer,20943.0
Rice,500.61,7.29,29.13,6.58,summer,32413.6
Maize,229.8,7.61,24.79,3.35,summer,23455.9
Rice,231.04,2.29,31.14,12.55,winter,25371.5
Soybeans,1190.17,20.3,24.2,9.64,monsoon,18088.8
Wheat,502.94,28.0,14.01,3.01,post-monsoon,23205.4
Potatoes,271.04,27.18,24.69,7.02,winter,130875.4
Rice,622.74,9.23,17.81,12.27,monsoon,34175.3
Potatoes,654.42,7.39,15.58,5.45,post-monsoon,164202.6
Soybeans,217.72,3.73,29.94,11.23,post-monsoon,9913.9
Rice,464.65,1.79,26.93,6.77,summer,35717.9
Rice,509.08,2.93,31.01,13.47,winter,28541.9
Maize,624.45,5.44,20.47,11.52,summer,27952.3
Rice,661.95,40.52,22.75,13.1,summer,33284.6
Soybeans,1131.28,4.66,19.03,4.2,post-monsoon,14879.2
Potatoes,403.13,20.68,26.47,7.38,summer,133547.7
Soybeans,177.74,26.78,33.23,11.83,winter,10052.6
Wheat,829.91,25.09,17.97,5.68,post-monsoon,26472.8
Soybeans,580.28,3.32,21.72,3.63,monsoon,18925.6
Rice,690.03,8.13,27.05,6.6,post-monsoon,34700.6
Maize,245.45,4.19,22.06,5.75,post-monsoon,25592.1
Potatoes,1134.04,33.18,16.23,6.7,monsoon,146983.0
Maize,183.03,6.38,28.13,8.46,winter,25831.5
Maize,901.05,2.45,21.56,10.92,post-monsoon,32687.8
Soybeans,1320.27,3.24,26.98,6.33,monsoon,14758.4
Potatoes,1251.01,2.62,9.74,8.48,monsoon,89952.2
Rice,502.67,24.41,23.38,4.75,summer,32568.9
Rice,511.55,16.81,36.53,5.76,summer,19200.2
Potatoes,1375.09,7.2,19.52,5.76,monsoon,128025.4
Rice,373.22,4.59,27.1,10.97,post-monsoon,31515.3
Soybeans,989.51,7.17,29.75,6.37,monsoon,18505.7
Maize,363.05,6.3,18.58,8.69,winter,28977.5
Maize,958.4,6.96,28.51,3.67,monsoon,39366.5
Wheat,260.27,35.5,13.23,7.24,summer,23536.2
Potatoes,485.17,10.85,21.2,3.64,summer,147152.9
Potatoes,407.27,9.24,11.2,7.1,summer,137493.5
Wheat,384.18,8.27,26.01,4.85,summer,26086.4
Maize,290.57,22.45,27.74,8.39,winter,28529.4
Maize,323.76,6.61,31.55,6.31,post-monsoon,24586.0
Potatoes,127.29,20.96,28.46,6.94,winter,88972.3
Rice,798.64,4.82,32.37,5.42,post-monsoon,36784.7
Rice,1098.03,1.94,28.99,8.96,monsoon,40906.2
Soybeans,336.78,10.1,19.22,6.93,summer,15875.1
Potatoes,319.93,2.4,16.42,10.73,post-monsoon,152175.3
Wheat,1272.08,1.07,26.95,11.51,monsoon,20062.1
Wheat,791.92,2.36,20.54,11.04,monsoon,29934.4
Rice,160.11,20.94,34.18,6.14,winter,22580.5
Potatoes,1320.68,4.91,15.49,7.08,monsoon,115010.1
Potatoes,1104.69,13.42,17.54,3.82,monsoon,115032.4
Potatoes,820.51,8.19,19.62,7.36,post-monsoon,142501.7
Rice,673.44,11.17,30.43,10.84,summer,36789.6
Maize,1190.95,7.74,20.3,6.04,monsoon,34556.9
Wheat,853.22,17.87,17.32,3.57,post-monsoon,29435.2
Wheat,768.15,21.44,32.3,8.4,post-monsoon,24292.9
Wheat,799.94,5.21,18.74,6.23,monsoon,28067.2
Soybeans,407.43,12.93,28.33,5.81,summer,19021.0
Wheat,741.78,5.05,13.42,13.78,post-monsoon,22746.7
Wheat,490.01,12.51,23.24,7.37,summer,28740.8
Maize,1494.15,2.28,28.19,7.22,monsoon,28365.9
Maize,594.8,1.51,25.17,4.74,summer,32854.4
Soybeans,282.23,6.97,16.19,7.04,winter,12716.8
Wheat,176.46,45.79,25.44,5.91,winter,19655.2
Rice,499.65,37.72,26.78,10.36,post-monsoon,29193.3
Rice,640.62,11.28,33.55,6.81,post-monsoon,33926.1
Wheat,345.34,31.69,24.58,5.37,summer,24603.4
Potatoes,489.12,4.51,24.77,1.0,post-monsoon,140380.1
Potatoes,665.04,6.54,20.38,8.47,post-monsoon,141808.9
Rice,471.91,17.44,27.16,7.44,post-monsoon,36962.1
Potatoes,216.76,24.09,25.99,8.88,winter,123655.1
Soybeans,575.39,2.53,21.78,9.44,post-monsoon,19434.1
Soybeans,926.57,2.6,24.56,3.93,post-monsoon,19179.6
Rice,666.03,35.44,25.21,8.82,post-monsoon,35548.7
Potatoes,166.29,12.08,28.61,6.29,post-monsoon,76607.9
Maize,1068.47,6.99,29.96,8.87,monsoon,36607.1
Potatoes,1783.56,4.37,10.6,7.35,monsoon,81730.4
Potatoes,233.83,13.98,18.78,7.7,post-monsoon,159234.6
Rice,1097.16,40.13,25.11,3.77,post-monsoon,40293.7
Rice,317.2,7.32,34.78,4.21,summer,21341.5
Rice,1021.41,3.22,42.59,6.97,monsoon,29483.4
Maize,422.49,29.76,28.31,4.4,summer,33055.7
Rice,195.04,4.79,33.43,6.36,winter,26704.7
Potatoes,744.52,4.17,15.78,4.87,post-monsoon,157296.9
Maize,575.29,2.45,25.08,2.21,post-monsoon,28230.2
Wheat,821.91,35.94,26.83,8.8,post-monsoon,31824.1
Soybeans,253.05,15.48,29.35,4.14,winter,13021.1
Maize,1420.95,5.8,25.85,6.19,monsoon,32814.9
Maize,1396.88,6.98,21.63,8.34,monsoon,37153.3
Potatoes,559.16,8.14,24.46,15.89,post-monsoon,136855.1
Maize,291.52,5.96,28.61,7.94,summer,25240.4
Maize,366.49,2.8,24.79,7.12,summer,33238.2
Rice,0.0,1.52,23.79,5.44,monsoon,26830.4
Soybeans,782.52,4.33,18.71,5.21,monsoon,21582.7
Maize,924.17,14.95,26.69,8.14,monsoon,32274.3
Wheat,669.31,3.98,29.1,6.77,post-monsoon,28162.4
Potatoes,669.6,5.11,25.7,4.68,monsoon,171737.2
Wheat,1603.88,12.28,22.27,8.07,monsoon,21647.2
Rice,1125.39,10.99,19.36,11.46,monsoon,43832.6
Wheat,433.85,23.49,23.51,6.91,summer,24843.9
Potatoes,213.92,6.19,14.99,5.14,winter,133208.1
Potatoes,289.71,9.15,26.78,7.52,winter,125913.5
Wheat,875.34,12.49,26.32,7.77,post-monsoon,28083.8
Rice,807.53,15.28,30.32,9.65,monsoon,39915.2
Wheat,666.69,3.3,22.47,10.51,monsoon,30312.0
Rice,423.38,18.21,24.78,10.01,winter,31689.2
Rice,678.63,3.7,31.51,9.11,post-monsoon,35434.3
Soybeans,474.43,14.93,26.28,7.53,summer,18175.2
Maize,986.41,9.44,31.03,5.45,monsoon,33692.7
Rice,305.0,24.84,20.05,12.12,winter,21054.2
Potatoes,576.93,26.08,17.08,5.07,post-monsoon,190141.1
Soybeans,378.12,30.23,29.9,9.63,monsoon,16716.7
Maize,720.43,6.7,16.18,8.96,summer,27339.7
Wheat,248.26,14.94,20.76,5.93,winter,23488.9
Maize,409.25,4.17,27.7,6.18,monsoon,30221.4
Potatoes,608.34,17.83,10.89,8.15,post-monsoon,144561.2
Rice,802.57,10.0,26.71,3.22,monsoon,43280.1
Potatoes,1135.1,36.73,21.94,2.55,monsoon,126710.5
Potatoes,763.01,21.77,15.58,10.09,post-monsoon,155636.9
Maize,471.51,2.93,17.05,4.83,summer,27727.1
Rice,862.54,43.31,20.26,5.49,monsoon,39250.3
Rice,146.66,2.9,21.24,12.28,winter,20131.9
Maize,511.52,14.06,28.11,9.37,post-monsoon,30770.8
Rice,194.58,4.59,36.9,2.61,winter,13435.6
Maize,403.72,15.05,29.47,5.65,summer,23933.6
Wheat,1428.56,1.97,13.63,4.06,monsoon,18841.1
Rice,554.39,2.03,33.09,5.92,summer,33802.7
Soybeans,1076.8,3.23,24.27,9.62,post-monsoon,16533.7
Soybeans,1818.65,2.2,31.99,12.7,monsoon,6689.7
Soybeans,306.57,5.08,12.79,7.51,summer,11360.1
Potatoes,966.42,12.73,30.02,7.54,post-monsoon,96801.3
Maize,974.41,5.67,23.76,1.05,post-monsoon,34669.9
Soybeans,1167.95,27.58,26.26,6.82,monsoon,17173.6
Soybeans,338.89,13.07,21.98,3.29,winter,12658.3
Wheat,838.51,1.54,17.31,5.7,monsoon,31512.2
Potatoes,600.65,5.45,8.0,4.49,monsoon,161482.7
Rice,670.04,1.9,27.23,9.96,summer,38228.4
Soybeans,577.1,23.24,28.86,6.93,summer,18138.8
Wheat,1392.74,14.95,20.07,5.97,monsoon,20835.7
Rice,207.9,1.17,23.68,2.73,winter,23672.2
Potatoes,187.71,18.49,17.35,1.0,winter,121178.4
Potatoes,119.48,3.0,16.54,9.35,winter,128992.7
Rice,230.13,18.77,23.31,6.36,summer,30012.7
Potatoes,260.91,9.16,16.15,8.61,winter,142650.7
Rice,1442.75,2.32,32.29,7.93,monsoon,41986.2
Wheat,286.87,3.54,26.04,7.29,winter,23779.5
Potatoes,234.74,5.81,14.61,5.32,winter,145207.2
Wheat,1282.9,4.87,26.33,8.27,monsoon,21880.9
Potatoes,1171.09,3.58,21.75,8.44,monsoon,125766.1
Rice,221.93,10.08,22.23,9.74,winter,28517.3
Potatoes,553.12,15.41,33.47,6.93,summer,128357.3
Rice,1524.17,4.65,29.46,2.98,monsoon,42646.8
Wheat,825.32,8.29,17.73,9.41,post-monsoon,29803.1
Potatoes,677.42,36.49,16.19,10.59,monsoon,155249.3
Maize,319.98,30.5,23.63,6.1,monsoon,31915.3
Soybeans,393.78,1.12,26.73,3.18,summer,15686.4
Wheat,309.64,10.64,16.1,6.39,monsoon,27566.9
Soybeans,550.04,9.47,19.38,5.5,post-monsoon,17614.0
Maize,703.57,6.21,22.58,6.99,monsoon,37975.8
Potatoes,279.25,8.86,16.55,4.9,winter,130205.4
Potatoes,188.64,18.64,13.62,8.33,winter,112497.0
Potatoes,337.01,3.47,22.51,5.75,winter,145675.6
Soybeans,686.03,17.46,21.02,10.73,post-monsoon,18643.1
Rice,816.65,4.7,19.96,8.11,post-monsoon,38514.9
Rice,462.02,9.12,31.97,5.1,post-monsoon,31674.8
Soybeans,820.19,32.13,19.61,7.83,monsoon,18993.0
Wheat,864.6,1.55,26.26,9.7,post-monsoon,26956.3
Potatoes,563.79,3.46,9.33,5.6,post-monsoon,155401.6
Maize,1947.54,6.99,14.69,3.13,monsoon,17525.2
Rice,614.47,3.85,30.56,6.43,post-monsoon,37353.8
Wheat,412.34,9.04,21.29,5.77,summer,27974.4
Soybeans,176.55,43.69,22.01,8.88,winter,13111.3
Rice,193.84,11.81,18.18,4.32,winter,19756.1
Rice,1417.12,18.37,20.86,8.7,monsoon,40317.4
Wheat,412.56,24.84,22.07,10.29,monsoon,30549.6
Maize,382.99,13.99,32.29,10.85,summer,24697.9
Soybeans,506.23,2.51,24.94,5.54,summer,20362.7
Maize,854.83,6.5,26.74,9.77,monsoon,37504.6
Maize,710.56,8.88,25.29,9.68,summer,35175.9
Rice,403.59,10.84,24.78,2.8,post-monsoon,28145.7
Soybeans,132.71,4.67,22.4,7.36,winter,11692.9
Rice,898.28,11.01,22.89,1.74,post-monsoon,40629.0
Potatoes,632.58,3.44,16.01,7.29,post-monsoon,175612.5
Potatoes,805.04,14.67,22.65,7.73,post-monsoon,148140.3
Soybeans,257.77,6.96,22.16,9.05,summer,15795.0
Rice,260.01,25.47,37.97,2.8,summer,18762.1
Wheat,221.48,14.93,25.29,11.61,summer,23039.2
Soybeans,669.26,12.61,24.23,10.23,post-monsoon,18873.0
Potatoes,162.44,9.6,13.72,3.98,winter,104141.1
Rice,687.59,3.18,27.74,3.46,summer,35299.7
Soybeans,1431.17,11.64,28.05,4.11,monsoon,14455.5
Wheat,2203.11,16.08,17.49,14.06,monsoon,12013.9
Rice,253.21,33.35,20.7,10.06,summer,26998.5
Wheat,385.14,12.49,28.09,3.21,summer,20140.1
Maize,979.12,12.24,29.35,8.48,post-monsoon,34627.6
Maize,1025.45,11.51,23.8,5.6,post-monsoon,35689.9
Wheat,329.63,15.78,21.83,6.4,winter,25741.6
Wheat,515.24,30.5,16.5,5.14,summer,27923.8
Maize,1026.03,1.67,27.28,6.58,monsoon,40099.0
Wheat,1397.62,12.76,30.03,5.71,monsoon,17266.0
Potatoes,413.09,1.42,20.09,6.59,summer,162773.5
Wheat,442.1,6.07,25.84,7.75,summer,28761.2
Maize,473.54,10.8,16.27,6.04,summer,25241.2
Maize,985.14,27.79,20.67,7.14,monsoon,37182.3
Potatoes,532.48,6.0,27.37,4.18,post-monsoon,138690.1
Rice,666.33,4.14,22.73,7.22,monsoon,38562.9
Potatoes,469.91,21.47,16.3,8.1,summer,169519.0
Potatoes,282.48,11.36,16.16,12.64,summer,135014.9
Wheat,368.3,1.39,32.5,6.9,winter,24294.0
Wheat,133.09,47.12,27.35,6.53,winter,15288.5
Soybeans,179.83,10.12,21.19,4.32,summer,13072.3
Rice,392.55,5.62,30.62,7.21,post-monsoon,28640.0
Wheat,243.62,2.19,31.45,7.6,winter,16881.0
Soybeans,764.66,7.96,33.75,6.55,monsoon,17765.0
Wheat,1090.3,1.81,20.74,8.3,post-monsoon,27846.1
Rice,511.99,19.16,26.71,11.11,summer,29961.0
Soybeans,350.8,4.3,24.31,9.23,winter,15911.3
Soybeans,520.75,28.8,30.72,5.17,post-monsoon,15973.9
Wheat,1916.58,30.65,26.89,1.04,monsoon,12077.1
Wheat,343.45,1.26,11.31,6.73,post-monsoon,22633.9
Wheat,38.55,15.04,17.84,7.33,summer,21790.6
Maize,222.99,4.46,14.92,9.54,post-monsoon,14554.5
Soybeans,1022.1,1.22,23.08,3.4,monsoon,20423.2
Soybeans,948.51,11.93,22.67,9.05,post-monsoon,17974.4
Soybeans,750.27,3.2,21.62,8.53,monsoon,20674.4
Potatoes,566.37,27.58,18.09,8.68,summer,174563.2
Potatoes,138.72,4.99,18.04,4.39,winter,131317.1
Potatoes,502.55,7.45,29.25,9.51,post-monsoon,147176.5
Soybeans,881.1,42.57,15.2,5.32,post-monsoon,19137.5
Soybeans,729.07,5.92,14.9,7.12,monsoon,16086.5
Maize,154.17,22.92,25.15,5.99,winter,25828.9
Rice,295.63,27.99,25.91,4.1,winter,31767.9
Maize,1195.8,35.24,22.15,9.87,monsoon,37762.8
Soybeans,1040.21,19.12,21.52,8.07,monsoon,21147.1
Rice,317.89,12.11,26.98,5.57,summer,33054.3
Soybeans,231.06,12.58,17.66,4.78,post-monsoon,13442.6
Maize,1029.78,23.42,35.12,5.94,monsoon,31023.8
Maize,424.24,1.04,18.0,7.53,post-monsoon,26693.9
Maize,246.34,7.68,21.56,8.51,post-monsoon,26597.4
Soybeans,272.81,38.38,27.02,2.96,summer,15041.2
Wheat,194.87,9.11,18.33,3.38,winter,19375.9
Potatoes,304.92,3.18,26.32,7.66,winter,114918.1
Wheat,186.63,45.3,14.09,10.16,winter,16980.8
Rice,228.69,2.36,41.96,11.36,post-monsoon,18451.0
Wheat,812.13,3.05,14.48,10.01,post-monsoon,27072.0
Maize,887.03,6.1,31.56,5.51,monsoon,31009.5
Soybeans,226.96,3.42,25.08,7.13,winter,15715.3
Soybeans,1774.47,7.84,30.03,8.02,monsoon,11975.2
Maize,339.49,9.25,20.95,3.14,summer,27220.9
Potatoes,306.72,7.13,17.79,5.9,winter,154828.9
Wheat,183.25,11.72,19.53,5.82,winter,20535.3
Rice,684.56,5.09,24.63,5.29,post-monsoon,40325.2
Soybeans,155.74,10.22,28.86,8.05,post-monsoon,12560.0
Maize,434.05,17.48,28.29,4.57,post-monsoon,26932.7
Rice,546.4,8.66,28.24,7.57,post-monsoon,35243.6
Rice,128.51,6.07,22.54,1.0,winter,22973.5
Rice,118.24,4.54,32.94,5.81,winter,23372.1
Wheat,733.43,4.77,20.2,3.99,post-monsoon,27942.3
Potatoes,251.75,44.81,16.0,15.44,winter,121378.0
Maize,1873.65,3.8,19.78,8.2,monsoon,24543.5
Maize,233.45,4.48,24.57,1.46,winter,23091.3
Maize,810.97,4.4,28.96,3.31,monsoon,38340.0
Soybeans,325.5,10.03,22.06,4.19,summer,16635.7
Potatoes,174.38,8.24,23.68,6.21,winter,130528.7
Potatoes,587.67,15.39,17.49,5.85,post-monsoon,179213.8
Wheat,485.92,35.02,12.57,6.06,summer,24548.8
Maize,268.87,25.26,25.97,11.38,winter,23821.8
Potatoes,626.97,2.14,15.04,2.4,post-monsoon,150755.3
Wheat,728.69,18.49,21.74,10.62,monsoon,33063.1
Wheat,298.23,3.08,21.45,5.97,winter,26068.9
Soybeans,1795.94,2.33,32.21,7.16,monsoon,11715.9
Rice,377.59,23.79,25.78,7.14,summer,33541.3
Potatoes,371.45,3.56,13.84,5.68,post-monsoon,130320.1
Soybeans,347.1,5.06,15.49,9.32,summer,14269.8
Wheat,596.91,5.66,23.3,10.5,post-monsoon,34122.6
Wheat,410.36,12.8,22.48,7.94,summer,26915.1
Maize,303.56,12.29,22.91,8.09,winter,31557.9
Rice,128.39,30.06,26.41,8.54,winter,25541.2
Rice,1437.86,10.23,28.76,8.42,monsoon,46223.9
Maize,1158.47,3.86,28.47,5.91,monsoon,39350.3
Soybeans,599.11,7.07,27.79,6.05,post-monsoon,19264.6
Wheat,556.43,12.53,22.5,13.7,post-monsoon,26175.5
Potatoes,302.66,17.88,11.14,6.83,post-monsoon,139820.6
Wheat,703.9,35.83,13.93,6.85,post-monsoon,28675.0
Soybeans,288.79,11.1,24.91,7.82,winter,16182.2
Potatoes,1057.44,10.98,21.54,1.24,monsoon,134916.2
Rice,435.43,2.25,20.38,9.04,winter,25945.8
Wheat,975.33,7.9,22.86,8.81,monsoon,28505.9
Soybeans,474.36,4.41,19.66,8.53,post-monsoon,17727.8
Wheat,366.31,5.43,17.76,8.38,summer,24689.4
Soybeans,306.4,6.52,21.15,6.56,winter,15560.6
Maize,1556.99,5.57,20.48,7.67,monsoon,26743.8
Wheat,187.29,6.46,15.72,7.26,winter,21044.1
Rice,192.2,16.77,25.61,6.4,winter,30344.9
Wheat,1115.26,2.88,23.8,7.18,monsoon,26803.6
Rice,391.85,9.13,32.8,5.79,summer,31608.3
Potatoes,206.94,13.82,18.6,6.41,winter,134203.0
Soybeans,569.74,12.18,29.42,6.89,post-monsoon,17987.8
Rice,396.09,17.66,29.12,4.28,post-monsoon,34205.8
Potatoes,385.98,4.09,18.23,11.08,summer,143150.6
Maize,851.22,11.92,33.93,6.34,post-monsoon,25955.6
Wheat,475.66,1.07,30.86,5.48,post-monsoon,22910.5
Potatoes,556.12,8.89,11.9,2.06,post-monsoon,145052.6
Wheat,1640.01,28.33,16.23,3.78,monsoon,16701.8
Rice,4.5,14.36,28.91,10.67,winter,22718.4
Rice,236.1,9.95,31.05,4.28,summer,33511.4
Maize,399.69,18.99,30.16,7.92,winter,22958.0
Maize,136.24,16.37,21.17,4.44,winter,23775.2
Soybeans,190.16,1.31,23.95,7.15,winter,17213.6
Maize,411.38,6.42,30.89,5.91,summer,27256.6
Potatoes,296.11,13.63,18.04,9.36,winter,142317.2
Soybeans,580.28,2.65,29.82,6.0,post-monsoon,19057.4
Soybeans,794.88,12.8,25.04,1.11,post-monsoon,18401.0
Potatoes,478.75,10.76,16.45,7.16,post-monsoon,187709.1
Rice,441.55,42.89,25.46,4.83,post-monsoon,34245.3
Maize,264.16,12.68,33.17,5.51,winter,21499.4
Wheat,1282.76,10.42,20.73,5.82,monsoon,20279.3
Soybeans,302.06,9.65,22.95,10.64,summer,13589.4
Soybeans,1063.04,12.37,23.01,5.91,monsoon,21002.7
Wheat,346.21,19.72,18.19,13.46,summer,23000.7
Soybeans,301.52,23.15,32.76,1.0,post-monsoon,10569.8
Maize,1184.21,12.28,24.17,6.97,monsoon,35171.5
Rice,24.54,4.55,24.14,5.5,winter,28440.0
Soybeans,1367.98,1.69,15.64,8.1,monsoon,12520.5
Soybeans,918.24,5.98,29.73,4.22,post-monsoon,16162.0
Maize,1296.08,10.77,21.92,11.04,monsoon,30427.0
Soybeans,272.07,27.65,14.15,1.49,winter,9948.3
Rice,411.0,36.15,31.49,5.89,winter,27410.7
Maize,567.45,17.01,29.19,8.77,summer,31515.5
Soybeans,405.6,6.3,27.2,9.42,winter,16551.1
Soybeans,1541.28,8.85,30.37,9.64,monsoon,11894.7
Wheat,1339.24,10.96,20.98,4.36,monsoon,23727.6
Maize,436.96,36.63,19.76,6.18,summer,28647.4
Maize,1239.74,14.51,28.89,7.49,monsoon,29888.5
Rice,477.04,33.13,25.19,7.56,summer,36706.7
Rice,409.82,11.03,27.78,1.0,summer,27079.5
Wheat,1589.59,35.85,21.41,9.12,monsoon,20460.6
Soybeans,532.63,9.09,26.58,2.22,post-monsoon,17083.3
Wheat,272.54,7.58,30.16,4.1,winter,23235.0
Potatoes,334.16,10.12,22.1,7.3,winter,119093.0
Potatoes,894.47,17.32,16.66,7.07,post-monsoon,149192.6
Potatoes,1222.84,8.62,8.0,4.41,monsoon,59250.9
Maize,271.06,16.91,23.23,9.76,winter,27937.4
Maize,1539.5,55.49,19.71,8.37,monsoon,29275.3
Soybeans,462.22,19.69,30.35,5.76,post-monsoon,17073.5
Maize,804.0,1.37,18.52,4.03,post-monsoon,33298.0
Potatoes,813.28,17.82,18.94,7.13,post-monsoon,171016.0
Potatoes,434.51,1.22,21.28,10.58,post-monsoon,139771.9
Potatoes,315.46,25.13,19.34,1.0,winter,131338.3
Maize,731.93,6.44,14.39,9.02,monsoon,27318.0
Rice,218.12,24.11,37.13,9.25,winter,20252.1
Potatoes,265.58,5.45,24.6,9.98,post-monsoon,120884.5
Maize,1300.43,5.71,19.88,4.08,monsoon,33391.4
Soybeans,811.59,3.81,29.74,5.21,monsoon,19942.8
Rice,616.84,11.79,29.66,8.84,monsoon,34388.9
Potatoes,725.42,3.67,13.27,5.7,monsoon,161284.1
Soybeans,124.79,10.2,29.78,4.17,summer,11387.5
Rice,347.33,1.78,31.23,5.87,winter,32944.6
Wheat,753.9,34.99,19.43,6.65,post-monsoon,26570.1
Soybeans,916.98,30.65,16.18,7.94,post-monsoon,17343.2
Maize,387.53,1.54,23.36,9.42,post-monsoon,32827.5
Potatoes,1376.57,2.29,17.4,5.57,monsoon,91979.2
Soybeans,404.61,5.25,18.76,3.84,post-monsoon,18024.5
Wheat,1182.28,8.46,28.12,6.9,monsoon,22306.2
Rice,404.38,7.66,23.18,6.81,post-monsoon,33525.0
Maize,379.76,23.94,32.71,3.77,summer,21055.8
Wheat,1312.36,37.55,23.51,6.28,monsoon,24531.6
Wheat,515.76,5.33,20.71,4.63,summer,27022.0
Soybeans,1745.67,3.74,21.72,7.77,monsoon,13481.8
Potatoes,314.07,7.88,23.86,8.39,winter,127333.2
Maize,1406.68,13.05,21.17,8.63,monsoon,32146.7
Rice,236.63,11.63,29.17,11.41,winter,25855.2
Potatoes,397.29,14.1,19.96,4.28,winter,147627.4
Wheat,131.76,1.28,20.5,4.49,winter,20984.8
Soybeans,348.71,8.5,24.88,7.06,summer,16038.1
Rice,719.42,12.08,38.2,8.19,monsoon,31829.5
Rice,1044.04,22.76,28.74,4.53,monsoon,44555.6
Maize,294.9,3.36,27.57,2.47,summer,27279.9
Maize,1798.41,2.47,25.41,6.92,monsoon,29649.9
Soybeans,277.72,41.0,29.61,4.94,winter,14584.6
Maize,960.12,18.59,26.48,8.33,monsoon,42493.0
Rice,461.6,7.53,33.64,9.04,post-monsoon,28133.7
Wheat,348.69,7.83,19.65,5.27,summer,26224.5
Soybeans,425.97,25.34,20.95,7.88,post-monsoon,18619.7
Rice,164.89,11.94,19.4,3.66,winter,19543.8
Rice,503.16,13.07,31.69,6.94,monsoon,37170.9
Rice,955.18,1.66,18.55,9.99,monsoon,36511.8
Potatoes,279.9,2.53,11.51,1.0,winter,110915.0
Soybeans,101.2,18.02,20.33,6.51,winter,13917.0
Potatoes,701.29,22.36,22.41,7.12,monsoon,183138.5
Wheat,205.85,8.49,21.44,7.43,summer,24040.3
Wheat,134.84,10.45,39.72,5.27,summer,14168.6
Rice,794.1,24.75,12.89,6.29,monsoon,30633.1
Potatoes,226.42,2.27,18.35,7.43,winter,135369.2
Soybeans,724.83,2.02,22.59,6.09,post-monsoon,21010.4
Wheat,862.64,24.39,16.05,4.42,post-monsoon,27961.3
Rice,967.74,16.54,24.11,8.03,post-monsoon,38544.7
Potatoes,557.07,10.38,13.21,6.38,post-monsoon,163541.9
Soybeans,657.95,16.4,28.03,8.61,monsoon,20733.2
Potatoes,954.69,2.42,13.5,6.97,monsoon,152299.2
Potatoes,546.62,36.7,18.19,5.0,summer,166513.0
Rice,733.21,3.3,27.27,3.92,summer,33739.4
Maize,1314.79,15.8,27.83,6.64,monsoon,35819.4
Rice,384.08,43.65,29.1,11.62,winter,30591.2
Soybeans,342.94,11.82,22.38,7.04,winter,17540.7
Rice,426.12,7.62,25.86,1.0,summer,27511.4
Potatoes,1761.87,18.18,20.69,6.68,monsoon,113191.1
Wheat,841.25,5.91,16.26,2.0,monsoon,27120.2
Wheat,1498.21,20.83,13.39,7.26,monsoon,15497.5
Wheat,523.0,5.38,21.47,7.25,post-monsoon,31271.7
Maize,508.28,9.56,25.01,10.26,post-monsoon,29916.2
Soybeans,223.44,5.18,33.97,6.28,winter,12301.7
Soybeans,615.25,13.81,31.2,6.19,post-monsoon,17130.5
Wheat,1146.74,34.32,20.67,7.71,monsoon,28229.6
Maize,320.58,43.01,23.86,5.16,winter,26033.8
Maize,191.74,4.84,30.33,7.4,winter,21098.6
Soybeans,150.81,30.0,23.02,8.81,post-monsoon,14510.6
Maize,161.76,8.89,17.35,10.84,winter,22342.0
Wheat,632.99,6.21,19.62,5.77,summer,29592.6
Soybeans,547.36,37.02,14.79,7.62,summer,17001.7
Rice,541.28,19.27,22.38,10.03,monsoon,36937.5
Rice,355.57,4.18,28.35,4.75,winter,30203.1
Wheat,797.18,3.15,14.35,3.26,post-monsoon,25621.7
Rice,419.3,1.73,27.1,6.87,monsoon,39538.6
Wheat,564.78,18.75,15.44,8.34,summer,23659.6
Rice,423.94,28.8,20.94,8.95,post-monsoon,30377.7
Potatoes,671.86,5.86,17.89,11.88,post-monsoon,168147.3
Potatoes,453.91,1.19,18.76,5.05,post-monsoon,160054.8
Soybeans,70.83,2.74,29.39,9.11,winter,10155.8
Potatoes,314.77,1.74,20.43,9.03,summer,155948.7
Soybeans,271.42,9.24,30.38,5.47,winter,13139.7
Potatoes,28.42,13.41,11.51,9.17,summer,112940.2
Potatoes,385.06,63.29,16.81,2.81,winter,151514.7
Wheat,335.22,17.02,20.46,9.86,summer,25507.2
Wheat,427.67,29.86,9.39,8.07,summer,21107.5
Wheat,458.8,7.78,23.68,3.08,post-monsoon,27910.4
Maize,485.36,20.22,26.6,7.05,summer,33614.5
Rice,226.65,5.37,28.62,3.74,winter,26990.8
Wheat,819.98,17.13,27.05,7.65,post-monsoon,27782.6
Soybeans,550.94,2.71,23.57,6.68,summer,17546.0
Soybeans,335.06,4.3,18.51,5.88,summer,15049.3
Rice,197.63,31.63,28.81,5.01,summer,32997.7
Maize,534.03,26.19,26.3,5.01,post-monsoon,30994.9
Rice,303.61,2.27,30.4,7.16,winter,32638.2
Potatoes,332.6,7.84,21.46,7.58,summer,140868.3
Wheat,879.96,37.98,14.67,8.3,post-monsoon,21716.9
Soybeans,935.17,4.83,30.7,10.49,monsoon,18273.1
Wheat,475.37,54.77,26.25,13.42,summer,22979.7
Maize,746.7,8.27,29.4,9.65,post-monsoon,35829.5
Wheat,327.99,27.11,21.82,5.47,summer,25154.2
Wheat,247.32,1.0,27.82,5.59,winter,20231.1
Maize,358.93,7.09,22.77,8.33,summer,25409.3
Potatoes,155.39,28.13,17.95,6.06,post-monsoon,130591.4
Soybeans,1749.36,8.8,20.55,8.94,monsoon,12770.4
Potatoes,329.73,4.15,20.24,7.84,post-monsoon,157645.1
Wheat,247.5,11.0,19.99,8.94,winter,20922.1
Potatoes,365.32,27.53,15.07,11.7,winter,137686.9
Rice,176.47,6.55,24.01,9.19,winter,25695.0
Wheat,539.2,2.1,18.63,5.87,post-monsoon,30991.7
Potatoes,510.15,11.67,17.34,6.81,post-monsoon,172544.1
Maize,647.56,8.04,32.13,11.69,post-monsoon,25578.8
Wheat,509.64,7.77,23.88,9.64,summer,27665.9
Rice,299.41,7.73,32.31,2.23,winter,29282.1
Maize,358.78,7.25,24.73,8.26,summer,31846.6
Rice,256.39,16.28,23.17,7.8,winter,31038.3
Rice,1122.52,32.51,31.58,6.25,monsoon,44886.5
Rice,217.37,29.89,29.95,5.34,winter,26525.2
Rice,356.44,5.22,21.94,9.56,winter,30213.1
Maize,286.08,9.38,32.88,2.35,winter,19185.9
Wheat,819.18,23.85,22.61,3.07,post-monsoon,29346.0
Rice,525.54,16.55,33.48,6.59,monsoon,38118.6
Maize,521.16,28.53,23.72,7.91,post-monsoon,38140.5
Soybeans,43.14,1.21,25.29,3.52,summer,12196.6
Rice,282.09,7.71,33.83,8.46,winter,26966.1
Soybeans,944.2,38.99,14.11,4.23,monsoon,15881.8
Maize,1020.96,18.34,26.24,5.96,monsoon,39046.7
Rice,327.95,11.02,27.72,9.17,summer,28492.9
Rice,160.39,23.69,28.86,5.59,summer,28880.8
Rice,334.78,13.92,24.74,7.93,summer,34198.2
Potatoes,193.71,5.23,22.82,8.13,winter,127545.3
Potatoes,248.13,21.58,17.91,4.6,winter,143936.8
Wheat,245.49,18.13,17.95,8.46,winter,23359.1
Maize,220.15,4.08,26.6,7.56,winter,21556.1
Maize,208.92,5.59,26.83,8.34,summer,29650.5
Rice,697.52,8.22,33.12,7.48,post-monsoon,33396.0
Rice,367.63,15.06,19.82,8.81,summer,30547.9
Potatoes,1255.94,1.17,13.77,2.97,monsoon,108316.4
Rice,217.41,4.15,21.77,8.97,winter,32633.0
Potatoes,811.36,6.4,19.59,7.84,post-monsoon,178949.7
Wheat,223.42,20.9,15.62,7.76,winter,15669.8
Soybeans,417.41,16.03,28.85,5.19,summer,16433.4
Potatoes,1183.79,4.19,30.09,11.95,monsoon,51200.1
Wheat,101.95,3.12,25.98,10.41,winter,18199.7
Potatoes,250.24,45.48,20.51,8.25,winter,122993.2
Wheat,1186.61,12.65,23.6,4.56,monsoon,26770.5
Maize,1089.98,5.82,30.68,8.35,monsoon,39708.4
Wheat,244.03,5.9,14.97,6.81,winter,23286.8
Wheat,242.76,2.42,23.87,7.66,post-monsoon,24794.8
Wheat,412.8,18.24,19.97,8.43,summer,31806.2
Soybeans,177.77,2.03,25.96,7.07,winter,15764.2
Wheat,1110.69,10.19,22.39,8.73,monsoon,28659.0
Wheat,754.14,56.55,12.91,6.9,post-monsoon,25992.9
Wheat,346.97,1.85,14.27,6.09,summer,25853.6
Rice,301.78,22.82,32.81,3.96,winter,27218.1
Soybeans,704.51,14.36,15.99,8.56,monsoon,20523.7
Maize,104.05,5.15,21.71,8.9,winter,24932.7
Maize,136.38,4.56,17.38,6.95,summer,22302.5
Rice,2074.19,35.64,25.86,6.42,monsoon,33523.3
Maize,228.48,3.27,27.23,8.47,winter,25946.3
Potatoes,386.32,14.83,22.96,3.64,winter,125402.1
Potatoes,751.19,11.36,8.0,6.64,monsoon,142412.6
Rice,289.77,2.34,20.86,6.7,winter,28657.3
Rice,1475.39,2.54,24.89,7.48,monsoon,43596.5
Potatoes,380.12,9.24,19.06,8.48,summer,159274.1
Rice,1666.1,7.78,26.58,10.75,monsoon,40285.4
Soybeans,482.73,21.03,22.85,4.04,post-monsoon,18179.0
Wheat,230.57,12.77,23.23,8.03,summer,25680.2
Rice,229.45,1.19,25.0,2.22,winter,32452.5
Wheat,675.8,2.53,25.76,8.39,post-monsoon,29990.1
Rice,536.56,1.04,22.25,10.89,post-monsoon,33748.8
Rice,640.53,80.73,35.38,3.09,post-monsoon,27962.7
Soybeans,1416.73,19.22,25.68,7.45,monsoon,13966.8
Potatoes,392.79,14.64,19.88,6.71,summer,147596.3
Wheat,451.74,52.2,16.92,9.06,winter,22458.2
Rice,422.03,3.4,31.88,1.82,summer,28062.6
Potatoes,252.84,3.02,12.53,7.89,winter,114986.5
Soybeans,239.49,11.06,12.19,6.6,summer,13057.6
Rice,179.79,25.59,31.22,7.56,post-monsoon,28170.2
Potatoes,1564.84,6.15,21.08,11.9,monsoon,71154.8
Soybeans,928.44,5.81,28.01,4.08,post-monsoon,19557.0
Maize,148.05,2.11,21.95,3.46,winter,21087.0
Rice,945.95,3.85,29.52,7.2,monsoon,44714.4
Rice,1207.67,15.44,32.81,7.47,monsoon,37745.7
Rice,313.3,21.67,28.05,9.3,winter,26653.1
Soybeans,1304.36,14.14,18.63,7.29,monsoon,15110.6
Potatoes,283.22,19.89,16.44,7.15,winter,128233.0
Potatoes,591.93,23.16,19.25,5.55,post-monsoon,174696.9
Maize,1012.0,1.01,24.77,6.55,monsoon,39541.8
Wheat,574.17,7.05,23.68,2.0,post-monsoon,30502.7
Potatoes,565.38,12.8,18.63,9.74,summer,184897.4
Rice,311.53,16.87,31.88,6.03,summer,30185.6
Soybeans,257.98,19.45,24.33,9.77,summer,17835.1
Maize,194.68,19.41,31.89,11.32,winter,17884.8
Soybeans,233.63,42.05,24.48,4.43,winter,14906.8
Wheat,239.02,6.89,27.23,7.12,post-monsoon,21809.2
Potatoes,1364.98,3.81,20.74,5.24,monsoon,97148.0
Maize,357.57,2.13,28.62,1.0,post-monsoon,25010.4
Rice,93.6,20.41,26.81,10.83,winter,25937.4
Wheat,1119.01,6.85,16.74,4.63,post-monsoon,22324.9
Maize,491.53,3.3,25.74,5.67,summer,33319.7
Wheat,653.37,16.96,25.49,7.98,post-monsoon,28052.6
Rice,250.11,11.27,23.08,8.72,summer,29190.3
Maize,737.95,3.16,15.69,5.75,post-monsoon,29174.2
Rice,911.64,46.29,30.89,8.35,monsoon,47700.8
Soybeans,763.79,24.2,18.51,6.57,post-monsoon,18614.6
Rice,639.03,4.41,27.94,7.03,post-monsoon,40941.3
Rice,1348.16,33.22,28.88,10.31,monsoon,37510.2
Potatoes,801.5,1.64,23.61,7.43,monsoon,152840.6
Rice,445.33,7.97,29.33,5.9,post-monsoon,33865.4
Potatoes,322.01,14.78,18.21,4.32,winter,147359.1
Soybeans,924.42,16.37,27.02,10.4,post-monsoon,18493.9
Wheat,1194.52,17.85,20.72,2.74,monsoon,23435.9
Rice,294.13,3.07,24.29,2.06,winter,26018.4
Rice,702.59,1.72,27.69,9.17,monsoon,44380.9
Wheat,438.59,5.38,24.83,7.65,summer,30190.6
Maize,830.02,8.57,17.63,5.65,post-monsoon,30551.6
Rice,1387.32,11.49,27.78,9.0,monsoon,48737.2
Potatoes,351.64,6.58,16.94,5.23,summer,160616.4
Wheat,1274.4,14.34,24.47,9.16,monsoon,24370.2
Rice,308.04,7.53,21.61,7.9,summer,26979.8
Potatoes,657.47,5.26,25.83,8.5,post-monsoon,151770.9
Rice,1396.47,8.57,34.53,5.9,monsoon,37128.5
Rice,240.06,2.76,35.0,8.68,winter,25266.6
Soybeans,596.79,5.16,25.0,1.74,summer,17158.2
Wheat,299.25,14.45,21.46,6.81,winter,27270.7
Maize,191.26,21.38,25.45,6.3,winter,26203.6
Maize,945.83,7.06,24.11,4.92,post-monsoon,36862.6
Potatoes,395.67,12.42,18.6,6.05,summer,147298.3
Wheat,306.57,1.29,22.83,8.52,winter,23283.0
Soybeans,1178.28,3.88,20.58,10.85,monsoon,13908.9
Rice,863.25,8.28,22.87,7.57,monsoon,45850.1
Maize,722.63,10.26,25.27,6.81,post-monsoon,33512.7
Wheat,1478.74,3.8,20.84,1.85,monsoon,18852.9
Maize,119.35,9.81,24.16,7.71,winter,24572.6
Maize,1684.94,11.55,25.58,4.42,monsoon,25762.7
Maize,257.91,29.54,21.51,13.5,winter,25091.8
Wheat,683.42,20.0,16.77,9.79,monsoon,30124.0
Wheat,236.37,2.82,20.56,7.38,winter,22954.1
Wheat,317.63,7.65,29.08,6.72,monsoon,28107.8
Soybeans,225.9,3.63,28.89,3.95,winter,11697.1
Rice,545.04,11.47,29.47,7.32,post-monsoon,37007.9
Soybeans,161.42,4.36,27.05,10.55,summer,12926.9
Maize,722.93,13.45,13.71,7.41,post-monsoon,28913.8
Potatoes,235.89,1.14,19.34,3.38,winter,145711.2
Maize,553.47,5.96,31.95,7.35,post-monsoon,32984.6
Soybeans,369.11,28.81,16.55,7.13,winter,13455.8
Wheat,1341.62,22.23,27.13,6.37,monsoon,20441.5
Rice,326.94,2.52,28.57,6.01,post-monsoon,33484.3
Soybeans,386.11,11.12,23.24,7.9,post-monsoon,17081.2
Wheat,915.76,12.75,24.58,11.05,monsoon,28025.6
Wheat,446.11,13.02,17.41,5.07,summer,27423.9
Soybeans,1274.4,1.96,22.89,9.89,monsoon,16082.3
Soybeans,248.75,2.4,23.02,4.99,winter,15102.1
Soybeans,422.33,1.53,25.82,6.15,summer,19151.8
Rice,1042.93,11.0,29.53,6.08,monsoon,44598.7
Potatoes,807.17,23.53,20.85,7.3,monsoon,175321.9
Soybeans,876.73,12.98,25.34,7.97,post-monsoon,21991.5
Maize,111.06,8.75,22.81,4.14,winter,25145.5
Wheat,414.44,13.08,20.64,1.11,summer,27862.4
Wheat,1000.57,3.34,17.11,11.72,post-monsoon,22067.2
Rice,251.29,82.16,28.93,6.61,winter,32106.5
Rice,487.04,5.08,30.06,9.17,monsoon,35042.4
Soybeans,586.77,10.86,25.08,11.04,post-monsoon,20521.6
Soybeans,405.35,10.43,32.4,6.38,post-monsoon,15446.9
Soybeans,561.15,35.69,26.28,9.47,summer,19240.7
Soybeans,244.55,1.05,17.58,4.5,winter,13943.4
Maize,139.81,2.35,22.98,4.37,winter,22861.6
Potatoes,378.26,5.3,15.97,3.43,summer,148262.5
Potatoes,1502.19,8.83,8.04,5.34,monsoon,66535.0
Rice,211.49,33.34,28.48,10.27,summer,32278.9
Rice,1133.63,15.58,23.35,7.61,monsoon,41940.6
Potatoes,350.41,6.23,8.42,9.49,winter,129401.5
Maize,551.74,38.12,17.16,1.76,post-monsoon,24885.2
Maize,1416.14,14.41,40.31,6.01,monsoon,18889.6
Maize,477.21,4.68,16.16,12.59,post-monsoon,18311.8
Soybeans,728.88,5.61,28.75,4.7,summer,18840.6
Potatoes,626.64,10.11,15.94,11.53,monsoon,179043.7
Maize,552.55,18.0,23.2,8.79,summer,30824.6
Maize,995.38,9.42,15.65,6.84,monsoon,32447.8
Potatoes,213.11,10.82,23.23,7.3,winter,114547.1
Wheat,600.61,1.06,22.89,4.32,post-monsoon,28937.9
Wheat,867.21,12.87,23.09,9.14,post-monsoon,29494.2
Maize,1300.98,8.99,22.85,5.31,monsoon,34973.5
Maize,764.27,25.56,30.21,5.84,post-monsoon,33114.9
Wheat,286.7,5.47,18.25,3.1,post-monsoon,23825.8
Soybeans,157.4,7.81,25.54,4.83,winter,14720.8
Wheat,547.68,3.23,26.72,4.06,summer,29689.8
Wheat,404.07,5.17,21.37,2.14,winter,23063.6
Soybeans,996.86,14.24,20.46,4.95,monsoon,20933.4
Wheat,710.04,3.27,22.46,5.76,post-monsoon,29261.6
Rice,1261.14,24.09,17.31,5.21,monsoon,42400.9
Maize,423.88,38.73,21.94,7.83,summer,26797.6
Potatoes,932.57,21.83,20.07,8.64,post-monsoon,143093.6
Rice,154.81,9.73,23.58,5.24,winter,26931.2
Wheat,291.24,8.49,17.66,4.81,summer,24642.8
Soybeans,345.17,9.32,14.59,8.23,summer,12151.1
Maize,234.77,4.95,19.81,9.25,winter,26316.0
Maize,370.82,4.38,27.92,8.92,summer,24868.7
Maize,236.53,1.47,31.29,9.81,winter,25481.9
Wheat,250.72,20.92,17.9,5.59,summer,22942.1
Soybeans,268.96,6.43,30.39,4.68,winter,12565.1
Rice,244.47,4.13,30.64,8.05,summer,34007.5
Rice,538.96,1.03,25.75,10.19,summer,37121.7
Potatoes,931.21,8.35,21.06,7.09,monsoon,152998.1
Wheat,464.69,10.06,19.63,6.57,summer,29345.8
Rice,107.01,3.46,16.62,9.22,winter,15430.2
Maize,360.97,8.87,21.41,7.49,post-monsoon,26364.9
Wheat,110.17,8.38,18.76,10.94,winter,20549.7
Soybeans,545.79,37.31,27.77,6.29,summer,19542.9
Rice,309.55,15.54,31.9,7.22,winter,33939.9
Wheat,665.78,16.05,17.07,4.68,monsoon,32474.4
Rice,326.29,10.86,29.0,8.6,summer,29600.4
Wheat,1170.42,5.9,12.73,8.16,monsoon,20345.1
Rice,232.21,30.29,32.61,10.46,winter,23461.4
Potatoes,355.88,11.88,19.39,8.39,winter,142596.3
Maize,468.95,9.95,25.85,7.97,post-monsoon,36512.7
Wheat,520.99,5.66,22.38,7.26,post-monsoon,29705.3
Wheat,356.31,3.03,22.53,6.17,winter,22875.5
Potatoes,794.64,2.16,12.05,5.85,monsoon,159883.3
Soybeans,343.56,19.22,22.96,5.03,winter,16410.2
Soybeans,421.81,24.26,25.68,6.09,winter,15249.2
Potatoes,216.09,32.53,9.67,4.87,winter,121793.8
Rice,901.14,3.15,22.57,8.68,post-monsoon,36490.3
Soybeans,894.91,9.2,25.23,9.37,post-monsoon,17327.7
Maize,1427.99,8.55,29.57,7.16,monsoon,29522.1
Maize,277.81,2.66,20.4,3.31,summer,23741.8
Rice,554.38,10.52,27.89,5.68,summer,38780.5
Soybeans,234.28,8.41,27.9,3.06,winter,12300.2
Potatoes,569.6,8.6,15.47,5.72,summer,179133.7
Rice,743.79,24.54,21.62,10.44,post-monsoon,40928.9
Maize,295.61,20.49,14.58,5.6,winter,21816.3
Potatoes,951.22,11.53,24.9,6.77,post-monsoon,122201.1
Potatoes,369.01,12.37,17.65,10.85,winter,135691.6
Maize,1598.46,65.0,31.39,4.84,monsoon,25287.8
Soybeans,559.87,29.32,28.8,4.1,post-monsoon,15619.1
Maize,804.42,26.36,21.19,8.94,monsoon,36953.8
Wheat,875.88,9.12,11.36,6.68,post-monsoon,20947.8
Wheat,1176.3,27.03,26.8,4.97,monsoon,21660.7
Potatoes,781.85,2.4,16.04,11.2,monsoon,163963.5
Wheat,134.76,8.26,21.2,7.81,summer,24624.8
Rice,863.5,8.17,33.26,8.14,post-monsoon,39340.8
Rice,418.65,10.78,36.85,12.45,summer,21741.6
Rice,914.0,14.74,30.85,7.76,post-monsoon,46625.0
Soybeans,1032.74,7.01,30.82,6.82,post-monsoon,17001.7
Maize,814.65,8.65,29.04,10.95,monsoon,37710.8
Maize,234.16,44.02,22.72,6.35,post-monsoon,26379.9
Rice,201.65,15.35,27.76,6.88,winter,32771.8
Rice,376.93,1.01,28.62,5.05,monsoon,31815.8
Rice,878.55,12.98,26.94,5.4,monsoon,45934.7
Maize,1061.43,36.03,26.07,5.85,monsoon,37765.5
Potatoes,599.12,10.85,26.53,4.52,post-monsoon,143933.6
Wheat,949.67,2.56,28.65,8.02,monsoon,26569.8
Wheat,1208.55,2.06,14.85,5.33,monsoon,23421.5
Rice,286.79,3.86,30.6,5.71,summer,32326.6
Wheat,177.29,7.63,23.86,6.0,summer,22401.1
Maize,672.97,10.57,23.67,9.87,monsoon,38181.3
Potatoes,424.43,24.64,20.76,5.06,summer,136081.6
Soybeans,767.2,5.6,15.02,9.8,post-monsoon,17455.6
Rice,1095.56,34.31,22.39,8.35,monsoon,45559.5
Rice,197.99,1.33,22.88,6.91,summer,32635.7
Soybeans,1351.13,4.3,12.35,6.27,monsoon,11665.1
Maize,184.64,32.27,23.46,4.55,winter,26247.9
Rice,318.87,15.82,22.57,4.87,post-monsoon,28472.2
Potatoes,1433.28,12.89,23.41,4.91,monsoon,83032.0
Rice,1131.9,20.2,29.37,6.93,monsoon,47688.5
Rice,518.44,20.66,23.56,5.31,monsoon,36318.1
Maize,168.93,4.6,22.33,3.21,winter,24427.8
Rice,778.59,44.68,28.68,5.64,monsoon,40988.1
Soybeans,198.91,1.42,26.75,5.0,summer,14735.8
Soybeans,256.31,7.78,30.73,11.76,winter,12826.1
Maize,290.32,1.31,28.57,6.88,summer,28219.9
Potatoes,196.61,3.1,20.96,11.31,winter,100867.6
Soybeans,411.19,17.78,14.88,10.4,summer,13764.1
Potatoes,491.53,1.17,21.49,7.01,post-monsoon,144697.8
Maize,577.29,13.75,23.61,8.74,post-monsoon,39856.0
Maize,403.91,37.2,21.23,10.27,summer,25352.5
Soybeans,1906.84,31.16,21.71,6.31,monsoon,11465.5
Soybeans,553.06,33.09,27.78,5.76,summer,19558.4
Rice,768.5,21.16,35.15,6.11,post-monsoon,32787.5
Potatoes,612.19,1.44,24.24,8.73,post-monsoon,155582.1
Rice,1350.62,18.05,35.31,7.16,monsoon,37072.6
Wheat,304.34,6.05,21.14,6.4,winter,24478.2
Rice,216.25,6.32,28.21,7.81,summer,34546.1
Wheat,683.89,12.6,27.58,6.09,monsoon,32429.4
Soybeans,886.13,3.53,17.59,6.72,post-monsoon,18586.2
Maize,924.05,6.18,26.13,11.24,monsoon,34526.0
Maize,209.01,14.88,35.68,8.64,summer,16729.7
Potatoes,570.62,7.03,13.96,8.79,summer,177597.7
Wheat,277.06,1.12,17.08,6.72,summer,24420.6
Wheat,337.49,1.9,22.36,5.38,summer,24704.1
Maize,610.46,29.96,22.79,5.29,post-monsoon,31726.0
Rice,1350.59,48.51,19.37,9.15,monsoon,41242.4
Potatoes,1441.6,11.23,23.42,5.18,monsoon,89459.8
Maize,1070.51,3.33,28.02,8.73,monsoon,41512.7
Maize,916.74,8.47,40.67,3.85,monsoon,26426.6
Soybeans,18.23,11.81,11.29,5.01,summer,5908.3
Potatoes,278.47,20.46,10.02,10.1,monsoon,129145.0
Maize,1651.95,5.81,30.6,4.12,monsoon,26319.6
Wheat,209.32,23.06,34.19,4.68,summer,16615.8
Rice,239.11,5.28,31.83,9.35,winter,27584.9
Maize,179.37,24.98,23.33,2.58,summer,24622.4
Potatoes,677.88,5.73,13.04,4.59,post-monsoon,161700.6
Soybeans,295.68,17.53,21.28,6.52,winter,13864.2
Soybeans,404.6,7.54,22.09,6.71,summer,18404.4
Soybeans,292.66,16.94,32.52,7.79,winter,13693.0
Soybeans,810.53,4.44,20.52,8.36,post-monsoon,17424.8
Maize,627.56,5.69,27.01,2.57,monsoon,35304.9
Rice,217.96,2.72,26.34,9.37,summer,22827.8
Soybeans,540.7,17.93,15.69,6.92,post-monsoon,14661.2
Wheat,142.92,5.54,9.61,4.4,winter,15900.7
Soybeans,1610.13,9.59,19.14,2.14,monsoon,13626.3
Maize,816.5,25.75,22.84,8.03,monsoon,36505.7
Rice,297.68,14.22,32.48,7.78,summer,30386.4
Maize,349.36,5.47,25.89,1.0,summer,25249.9
Rice,334.73,33.31,21.79,9.51,summer,30724.3
Potatoes,294.65,5.54,18.77,5.98,summer,146889.0
Wheat,391.31,32.88,20.66,5.37,winter,27310.9
Soybeans,0.0,13.42,22.41,5.72,summer,13470.5
Soybeans,271.61,11.22,16.24,5.71,winter,12468.9
Rice,195.62,2.52,37.56,6.29,winter,24075.6
Maize,1479.26,22.86,26.77,1.54,monsoon,30757.2
Maize,487.55,1.02,32.51,6.35,winter,26851.7
Maize,267.76,3.32,28.28,7.19,summer,23522.7
Soybeans,963.28,3.31,22.88,11.71,monsoon,18449.7
Rice,531.65,38.29,26.1,9.95,summer,28253.2
Soybeans,464.56,4.06,28.34,11.42,post-monsoon,16890.2
Maize,930.98,6.85,30.2,5.85,monsoon,36809.1
Potatoes,477.99,10.27,22.5,7.16,summer,181968.5
Maize,431.2,17.07,21.22,7.53,post-monsoon,27944.2
Maize,255.47,1.49,24.91,9.13,winter,27717.9
Rice,499.16,3.03,30.88,11.72,summer,31256.8
Wheat,94.02,20.62,12.71,9.46,winter,15104.4
Rice,805.88,7.92,23.35,11.11,monsoon,36647.6
Maize,353.01,5.23,34.17,2.57,winter,17725.1
Rice,1569.57,20.9,31.14,9.43,monsoon,40787.7
Wheat,448.2,2.85,11.12,4.52,post-monsoon,20517.9
Maize,548.11,2.66,19.35,5.77,post-monsoon,28299.8
Maize,1040.9,1.94,20.67,9.27,monsoon,37413.1
Wheat,1246.5,31.96,25.45,7.36,monsoon,26812.5
Potatoes,229.58,13.98,25.32,3.59,winter,107909.3
Potatoes,1496.37,18.93,9.52,9.51,monsoon,63850.5
Soybeans,556.6,2.49,24.15,6.01,post-monsoon,19988.3
Potatoes,583.55,1.5,15.42,5.8,post-monsoon,172290.9
Wheat,994.84,12.31,28.72,10.46,monsoon,25625.8
Potatoes,614.56,2.72,14.58,9.21,post-monsoon,189216.2
Potatoes,228.83,1.49,13.94,8.89,winter,137201.7
Soybeans,879.31,5.99,19.56,11.92,post-monsoon,16585.3
Rice,672.76,7.13,25.82,5.83,monsoon,44464.1
Rice,602.32,24.63,21.18,4.33,post-monsoon,34430.4
Soybeans,641.09,110.67,16.49,5.95,summer,17466.4
Rice,484.72,27.39,25.6,3.55,summer,34648.0
Maize,710.29,2.01,13.06,4.91,post-monsoon,25176.4
Rice,591.99,1.49,25.95,6.6,post-monsoon,36032.2
Wheat,310.54,3.97,16.6,7.95,summer,24882.9
Maize,803.31,6.1,32.6,6.21,monsoon,37858.7
Rice,804.17,3.39,21.41,9.26,post-monsoon,35703.4
Rice,357.77,38.55,25.15,1.0,post-monsoon,27559.3
Soybeans,362.39,7.13,25.74,1.55,summer,15411.1
Potatoes,560.7,1.74,24.38,7.93,post-monsoon,158524.1
Wheat,1230.84,5.75,16.69,8.32,monsoon,21925.5
Potatoes,628.24,6.24,19.9,5.41,monsoon,166766.6
Potatoes,879.11,2.62,27.93,3.72,post-monsoon,126318.6
Potatoes,336.53,10.15,21.27,6.9,summer,122834.1
Wheat,549.03,8.2,22.61,10.22,post-monsoon,28849.4
Rice,209.36,6.02,34.12,9.93,winter,24294.6
Wheat,372.65,13.27,20.87,6.41,summer,26790.6
Potatoes,344.97,26.05,16.84,8.73,winter,148703.5
Maize,661.0,3.48,28.14,6.47,monsoon,34915.1
Maize,350.52,24.0,23.94,9.25,summer,27327.6
Rice,359.42,1.25,26.74,5.42,winter,28836.5
Rice,767.47,8.04,18.48,4.9,post-monsoon,34350.4
Rice,418.08,14.2,25.08,4.54,summer,31615.8
Potatoes,229.46,15.42,19.98,5.42,summer,121001.1
Wheat,786.47,9.14,20.55,7.05,post-monsoon,30899.5
Potatoes,248.9,16.41,14.43,8.85,post-monsoon,134198.3
Maize,90.72,52.78,37.72,2.47,post-monsoon,12520.8
Soybeans,41.84,31.06,22.66,5.85,summer,12893.8
Maize,1217.17,2.02,23.78,8.35,monsoon,33724.1
Rice,616.25,7.22,23.84,6.07,post-monsoon,37868.2
Maize,149.0,5.38,30.48,8.82,winter,22561.2
Soybeans,572.58,20.75,26.31,5.91,post-monsoon,19989.7
Maize,866.69,3.73,20.29,6.23,monsoon,35289.3
Rice,605.06,9.46,25.56,9.05,post-monsoon,37605.9
Soybeans,575.39,19.28,21.95,7.24,summer,19805.8
Potatoes,153.19,12.41,18.51,5.64,winter,113347.3
Rice,276.77,9.82,26.08,7.63,winter,34034.2
Rice,1276.91,11.81,36.8,9.01,monsoon,36651.9
Potatoes,165.76,10.61,17.1,3.32,winter,94371.8
Maize,417.57,18.74,17.94,1.05,summer,26769.8
Potatoes,596.96,1.47,26.05,9.31,post-monsoon,135098.0
Maize,662.57,15.95,24.68,14.42,post-monsoon,31963.4
Rice,267.99,14.66,19.41,6.69,winter,27369.7
Wheat,292.4,39.55,27.03,7.38,winter,22840.5
Maize,560.05,35.37,32.64,6.24,monsoon,29007.5
Potatoes,479.94,16.04,26.4,5.88,winter,116699.3
Soybeans,1168.03,4.07,17.25,8.96,monsoon,15603.3
Potatoes,364.31,1.46,20.73,3.28,winter,144655.5
Potatoes,579.51,11.7,9.58,2.97,post-monsoon,139139.2
Soybeans,812.38,21.89,19.88,6.98,post-monsoon,17602.6
Soybeans,713.57,8.96,26.46,6.77,post-monsoon,18310.9
Wheat,388.09,7.34,25.73,4.0,summer,27055.3
Soybeans,317.46,27.13,24.11,8.1,winter,18131.1
Wheat,690.05,6.44,14.72,8.51,post-monsoon,28471.9
Potatoes,460.44,17.6,25.75,8.28,monsoon,164116.9
Wheat,836.54,11.64,21.51,12.0,post-monsoon,28068.2
Wheat,489.3,4.18,17.23,5.83,monsoon,28164.6
Rice,260.72,7.45,25.87,3.72,summer,29380.2
Wheat,779.09,33.09,25.71,6.28,post-monsoon,29885.9
Soybeans,242.08,35.05,29.27,6.08,post-monsoon,14387.0
Rice,761.09,1.92,23.72,8.25,monsoon,37362.5
Soybeans,258.85,7.02,15.81,8.93,summer,13179.3
Soybeans,247.0,5.14,21.32,6.5,summer,15755.2
Wheat,682.99,5.73,13.37,8.08,post-monsoon,25890.1
Soybeans,1400.62,14.44,18.16,7.26,monsoon,11174.6
Potatoes,1487.14,8.35,33.34,7.45,monsoon,50843.0
Soybeans,1105.48,32.34,29.23,6.46,post-monsoon,17563.8
Maize,157.82,37.48,31.87,5.08,winter,19411.8
Soybeans,604.86,7.51,28.2,4.1,post-monsoon,20759.3
Wheat,462.23,27.38,27.56,11.01,post-monsoon,26222.8
Maize,114.29,26.2,32.53,10.94,winter,18383.3
Soybeans,877.81,7.36,21.24,2.33,post-monsoon,17283.2
Potatoes,599.9,1.52,18.17,5.72,post-monsoon,170205.0
Rice,125.57,4.6,28.08,9.68,winter,30109.3
Potatoes,225.13,14.22,25.84,8.61,winter,118701.8
Wheat,416.89,18.04,25.31,5.63,summer,24224.7
Maize,152.15,10.92,29.11,11.2,winter,21669.5
Soybeans,201.83,9.41,20.92,8.08,winter,12271.5
Potatoes,396.88,3.57,19.72,11.69,summer,149615.4
Wheat,317.19,2.26,19.37,7.18,winter,24429.7
Wheat,1423.98,7.25,15.41,7.4,monsoon,18239.5
Maize,1453.49,2.08,30.72,6.51,monsoon,30020.4
Wheat,537.37,11.48,9.95,10.39,summer,22879.5
Rice,564.22,10.31,30.59,12.34,summer,29842.6
Maize,186.52,25.09,27.69,6.87,winter,24134.9
Rice,552.26,17.79,17.75,8.36,summer,27667.7
Wheat,50.82,1.97,20.94,7.15,winter,15788.8
Soybeans,346.8,28.82,20.75,4.94,post-monsoon,15749.4
Wheat,425.92,32.51,26.91,6.81,summer,28456.4
Rice,530.44,4.07,28.4,2.72,post-monsoon,36779.9
Maize,51.46,5.34,20.11,6.39,winter,27739.1
Potatoes,683.24,2.64,15.86,7.37,post-monsoon,155315.3
Soybeans,459.31,1.1,21.18,8.04,summer,18425.2
Potatoes,821.49,3.33,16.81,6.18,post-monsoon,153758.4
Rice,237.1,13.33,22.14,3.97,winter,24851.4
Rice,1357.03,28.35,22.38,6.97,monsoon,48592.1
Rice,893.48,5.57,20.63,4.48,post-monsoon,41519.4
Maize,193.9,34.44,33.29,9.46,winter,21765.7
Potatoes,399.45,9.08,23.6,10.44,winter,127988.2
Wheat,192.31,10.04,25.07,5.31,summer,18865.3
Potatoes,199.86,19.51,17.68,7.88,post-monsoon,124315.4
Wheat,1212.93,16.03,19.7,7.59,monsoon,24819.9
Maize,673.94,4.96,32.53,3.93,post-monsoon,30203.8
Soybeans,283.69,47.45,10.46,7.66,winter,8693.7
Soybeans,334.67,10.93,21.35,7.72,winter,16288.4
Potatoes,435.27,3.05,19.01,3.48,post-monsoon,154198.3
Wheat,256.57,26.28,22.63,6.58,summer,25548.0
Rice,320.63,4.68,29.99,4.73,summer,29628.6
Soybeans,236.03,42.98,32.65,6.91,summer,13298.8
Soybeans,124.96,6.91,30.66,13.62,post-monsoon,11972.3
Soybeans,139.97,1.21,20.28,3.06,post-monsoon,15597.8
Potatoes,497.08,4.63,30.93,8.29,monsoon,130132.2
Wheat,557.32,31.86,22.4,8.75,monsoon,34567.5
Maize,1291.63,22.42,22.35,10.47,monsoon,35625.3
Soybeans,705.87,12.5,21.28,4.75,summer,18705.8
Soybeans,109.13,8.99,30.33,5.32,winter,13521.2
Soybeans,136.86,17.26,30.77,11.2,winter,7901.5
Wheat,445.6,15.11,24.94,8.29,summer,29330.4
Soybeans,564.65,55.73,25.2,3.57,post-monsoon,20677.6
Soybeans,423.81,5.9,17.92,4.91,summer,13610.9
Potatoes,280.86,11.59,20.5,8.9,summer,134435.1
Wheat,340.14,6.02,19.19,7.09,post-monsoon,25596.4
Rice,1556.5,18.41,19.99,2.01,monsoon,34475.5
Wheat,430.48,4.82,21.71,4.99,post-monsoon,31125.0
Maize,319.16,4.1,27.6,10.09,winter,21710.0
Rice,1097.21,6.76,25.44,8.65,monsoon,46687.2
Wheat,564.91,1.61,25.51,8.8,post-monsoon,28533.6
Wheat,1056.12,12.75,21.94,3.91,monsoon,26897.4
Potatoes,645.19,3.95,26.31,8.87,monsoon,156198.4
Maize,461.91,28.94,26.09,8.63,summer,35224.1
Wheat,1657.57,2.87,15.06,2.01,monsoon,13637.4
Rice,730.1,9.03,23.15,10.34,monsoon,37910.2
Maize,1098.95,4.17,19.84,8.48,monsoon,38258.8
Rice,994.61,2.59,28.51,1.61,monsoon,43148.5
Rice,347.5,1.53,27.22,6.28,summer,31589.6
Wheat,129.93,15.83,16.43,4.4,winter,19828.2
Soybeans,1021.82,47.42,29.88,9.0,post-monsoon,14961.7
Potatoes,359.2,38.78,22.95,8.7,summer,121838.3
Wheat,243.36,8.34,22.4,13.31,winter,21250.2
Wheat,80.92,11.02,20.35,2.03,winter,16526.1
Rice,600.11,25.16,28.51,6.74,post-monsoon,34039.6
Wheat,1297.71,6.52,31.61,8.02,monsoon,16898.0
Wheat,1605.25,13.69,14.09,5.06,monsoon,14983.5
Rice,262.33,14.39,26.42,4.15,winter,25240.9
Soybeans,231.47,31.2,20.14,8.13,winter,11777.4
Maize,267.34,8.39,31.84,8.65,summer,27293.2
Potatoes,649.07,1.91,27.58,6.31,monsoon,158219.3
Maize,224.07,10.81,29.23,3.94,winter,25198.4
Maize,586.68,21.23,18.14,2.42,summer,28082.7
Potatoes,222.84,4.12,18.74,7.2,winter,136361.7
Rice,1015.61,2.97,34.25,5.48,monsoon,38807.2
Potatoes,810.73,14.15,12.59,6.28,post-monsoon,177780.8
Wheat,416.97,3.22,23.31,4.98,summer,29008.6
Potatoes,555.69,20.2,15.24,3.23,summer,162037.9
Wheat,165.05,1.9,23.17,9.23,winter,23290.8
Potatoes,917.39,13.95,15.83,4.08,monsoon,178046.3
Soybeans,1233.42,24.62,22.96,11.16,monsoon,14569.5
Soybeans,335.36,15.79,17.48,9.82,summer,16469.7
Potatoes,351.75,6.01,14.82,5.05,summer,157122.1
Rice,1598.63,19.39,29.02,4.9,monsoon,40790.5
Potatoes,443.8,11.14,17.93,9.31,summer,176897.6
Potatoes,252.65,7.71,19.91,2.28,winter,100677.8
Wheat,278.64,8.74,21.13,10.08,winter,23135.1
Potatoes,1541.34,26.6,10.51,1.24,monsoon,63838.3
Potatoes,760.05,2.21,26.47,7.14,monsoon,147989.9
Rice,364.56,5.08,35.09,9.28,summer,26437.7
Potatoes,332.5,4.29,20.54,8.89,summer,141871.4
Rice,196.47,2.39,19.75,3.3,winter,20526.9
Rice,529.41,12.58,29.84,5.76,summer,35514.3
Maize,384.76,30.04,29.84,8.3,winter,25889.1
Maize,767.22,1.11,25.83,9.43,post-monsoon,34480.8
Maize,247.92,5.1,26.61,4.17,winter,26383.1
Maize,297.07,5.03,20.24,4.89,winter,25363.9
Maize,695.58,5.26,28.86,6.81,post-monsoon,40008.9
Rice,517.04,7.51,26.62,6.18,post-monsoon,32882.9
Maize,357.5,7.16,36.01,10.34,winter,18082.4
Maize,414.28,17.9,30.15,5.91,summer,30157.7
Maize,1055.22,6.8,22.23,5.77,monsoon,35492.3
Rice,591.63,3.38,36.67,6.63,summer,30953.9
Soybeans,965.34,1.75,34.26,8.54,monsoon,17942.7
Rice,1080.44,6.82,24.28,5.67,monsoon,48082.8
Wheat,1479.43,26.86,21.42,4.42,monsoon,22603.6
Wheat,730.04,17.38,23.55,12.0,post-monsoon,27203.7
Soybeans,182.02,47.76,22.76,7.77,winter,14183.4
Wheat,1188.73,4.5,25.36,7.74,monsoon,23805.6
Wheat,771.24,6.01,31.81,5.02,monsoon,24250.3
Wheat,1024.7,3.05,29.05,8.37,monsoon,24584.0
Maize,783.7,11.09,23.46,2.52,post-monsoon,33814.8
Maize,316.25,14.1,16.38,4.88,winter,24949.6
Soybeans,532.12,4.9,29.07,8.89,summer,17439.6
Wheat,329.89,21.11,23.9,7.59,winter,24467.0
Soybeans,366.84,8.23,23.33,4.7,summer,18387.1
Potatoes,1444.96,27.69,18.73,8.76,monsoon,105526.4
Soybeans,233.17,11.68,26.36,5.89,winter,14672.2
Maize,271.45,7.33,16.11,6.22,winter,28349.0
Wheat,382.43,65.45,20.58,6.13,post-monsoon,26074.4
Maize,186.41,20.31,27.76,5.05,summer,25966.7
Potatoes,239.64,5.71,23.31,7.84,winter,121621.5
Rice,370.83,20.16,33.79,9.16,post-monsoon,29528.9
Soybeans,478.87,6.16,20.4,8.6,summer,16628.8
Wheat,507.2,17.11,12.31,6.05,summer,28680.5
Potatoes,386.52,2.78,17.02,1.25,post-monsoon,152303.0
Rice,372.53,1.69,19.75,4.1,winter,26263.3
Rice,849.44,22.72,23.21,6.43,monsoon,43309.7
Maize,294.46,27.49,17.05,8.31,winter,24038.7
Potatoes,932.63,5.79,10.52,7.02,monsoon,135713.7
Maize,387.74,6.56,23.83,5.96,summer,30284.4
Soybeans,474.67,11.68,22.25,2.82,summer,16706.3
Rice,277.9,9.12,18.71,8.9,winter,21468.4
Potatoes,1006.19,35.99,16.9,4.77,monsoon,136159.4
Rice,199.98,8.02,35.36,5.57,winter,21852.2
Soybeans,757.26,11.53,18.47,3.45,monsoon,19958.3
Rice,580.82,5.68,24.81,6.43,post-monsoon,38526.6
Wheat,140.63,3.99,18.46,2.55,winter,20005.1
Potatoes,451.67,21.76,30.19,7.06,winter,111770.7
Soybeans,273.96,17.7,19.89,9.38,winter,14591.5
Soybeans,433.36,2.01,32.8,5.45,summer,14166.0
Maize,325.11,5.14,22.89,11.01,winter,28183.4
Wheat,732.77,21.57,19.49,5.98,post-monsoon,30724.8
Rice,898.61,3.14,17.39,10.12,post-monsoon,36263.9
Potatoes,295.47,17.65,16.99,6.41,post-monsoon,162490.8
Wheat,354.78,2.39,19.72,2.51,winter,26063.7
Wheat,590.31,18.01,15.17,10.77,summer,26209.4
Wheat,830.66,41.38,19.62,9.67,post-monsoon,28353.4
Rice,685.52,12.34,31.7,6.86,summer,36962.7
Maize,788.44,13.33,26.42,8.79,post-monsoon,31430.8
Wheat,1000.77,8.9,25.79,5.13,monsoon,27499.9
Potatoes,243.9,6.99,18.71,11.13,winter,136328.8
Soybeans,1097.97,23.99,26.03,5.48,monsoon,15943.9
Soybeans,407.73,20.23,21.02,6.17,summer,14894.7
Maize,971.71,76.67,19.42,5.25,monsoon,33251.9
Wheat,330.99,14.66,16.98,8.58,post-monsoon,23455.8
Maize,755.6,16.19,20.08,11.08,post-monsoon,37388.5
Rice,288.5,14.89,22.06,4.55,winter,27395.8
Rice,702.0,8.05,26.6,2.59,post-monsoon,33999.5
Rice,708.25,32.38,27.2,6.09,post-monsoon,38508.7
Soybeans,530.74,19.06,18.61,6.75,post-monsoon,17184.3
Wheat,131.74,4.13,27.75,8.17,winter,21257.5
Rice,211.53,35.26,27.73,9.36,winter,30187.2
Wheat,720.86,3.06,13.68,12.35,post-monsoon,20789.6
Maize,673.07,6.78,28.59,5.51,post-monsoon,33311.0
Wheat,543.18,18.89,21.56,8.66,post-monsoon,30456.5
Wheat,514.0,4.75,17.25,9.56,post-monsoon,27806.9
Soybeans,455.76,7.11,18.16,4.83,summer,15528.8
Wheat,176.57,2.58,23.42,7.26,summer,22396.6
Wheat,1444.74,7.8,29.57,3.85,monsoon,16539.0
Potatoes,500.78,22.03,17.77,2.97,summer,171890.5
Wheat,707.66,40.22,17.83,9.17,post-monsoon,29759.3
Rice,1167.39,24.0,24.66,4.24,monsoon,43711.3
Potatoes,465.14,6.38,25.35,10.81,monsoon,142893.4
Soybeans,348.62,15.0,19.9,9.58,winter,13384.8
Wheat,716.37,14.75,18.93,7.24,post-monsoon,31520.5
Rice,375.26,19.72,23.39,7.48,winter,32906.0
Rice,264.28,5.14,19.66,8.15,winter,22806.6
Soybeans,1037.91,60.18,30.86,8.24,monsoon,16179.8
Rice,709.26,4.59,24.0,7.99,monsoon,42427.2
Wheat,659.13,7.44,21.09,12.39,post-monsoon,28432.8
Rice,179.75,5.17,21.4,9.97,summer,30994.4
Rice,456.07,9.45,28.64,5.84,summer,37173.9
Potatoes,944.39,26.84,15.48,8.33,post-monsoon,126348.9
Wheat,1026.65,3.48,23.46,7.82,monsoon,29625.6
Wheat,267.27,6.07,22.57,7.58,winter,24269.7
Potatoes,790.29,9.87,22.17,5.05,post-monsoon,168297.9
Rice,405.59,49.91,25.45,7.05,summer,35718.7
Soybeans,92.01,4.62,29.0,5.97,winter,13708.0
Soybeans,388.89,4.52,23.9,11.02,summer,15178.2
Maize,714.83,1.31,24.25,5.74,post-monsoon,33084.6
Maize,379.85,8.32,26.14,4.48,summer,29080.3
Potatoes,1764.32,6.24,18.86,3.05,monsoon,96378.6
Rice,697.49,3.13,28.29,6.78,monsoon,45664.2
Soybeans,234.19,1.12,28.13,10.82,winter,12274.7
Soybeans,757.01,4.71,22.0,1.46,post-monsoon,19030.9
Wheat,210.28,6.61,18.88,9.02,winter,18838.3
Rice,453.13,17.55,27.63,5.72,summer,38816.1
Wheat,294.75,1.79,21.2,6.29,summer,26542.4
Potatoes,984.16,8.27,23.57,8.37,monsoon,140850.3
Potatoes,749.05,3.98,18.27,7.86,post-monsoon,171043.9
Potatoes,599.96,2.65,14.09,6.08,post-monsoon,177258.0
Soybeans,834.2,14.45,22.53,4.96,post-monsoon,20888.1
Soybeans,353.45,1.85,25.7,4.47,summer,17611.5
Potatoes,711.5,11.06,14.17,5.2,post-monsoon,150072.9
Rice,655.27,32.32,32.77,6.9,post-monsoon,38064.1
Soybeans,734.99,9.43,29.35,5.31,monsoon,20750.7
Soybeans,1172.43,11.43,20.59,6.73,monsoon,18115.2
Rice,586.54,6.49,32.79,6.92,summer,30492.6
Maize,140.46,11.76,34.63,5.36,winter,15469.2
Rice,352.22,12.78,25.73,6.6,summer,36226.2
Maize,658.62,2.42,39.0,7.49,monsoon,28039.0
Potatoes,423.29,7.94,24.18,12.17,summer,143987.4
Maize,295.18,14.0,30.18,6.23,post-monsoon,24137.2
Soybeans,1665.99,10.48,16.39,10.93,monsoon,8870.5
Soybeans,354.49,9.9,24.46,1.98,winter,15458.9
Wheat,1041.06,21.29,24.09,8.31,monsoon,32735.7
Rice,1284.26,3.02,23.54,5.82,monsoon,43757.7
Maize,182.57,22.21,27.58,2.64,winter,23296.3
Rice,336.52,4.79,32.74,6.39,summer,30669.5
Wheat,569.16,13.67,19.62,4.99,summer,33003.4
Soybeans,694.78,7.19,18.32,10.09,post-monsoon,18878.1
Maize,1201.6,6.1,17.73,7.28,monsoon,29258.0
Wheat,140.78,1.61,26.09,5.63,summer,19323.0
Soybeans,577.92,8.92,25.64,9.18,summer,18905.2
Wheat,527.82,4.11,23.86,5.92,summer,25976.1
Rice,1060.28,21.08,29.78,5.87,monsoon,46412.6
Maize,725.98,3.92,22.72,9.61,summer,35048.7
Potatoes,391.73,1.07,16.65,14.0,summer,146353.6
Wheat,340.1,28.73,25.28,7.98,post-monsoon,23840.2
Soybeans,912.07,21.12,28.46,7.17,post-monsoon,20765.7
Rice,189.99,50.97,29.63,7.49,winter,32374.8
Rice,410.08,10.44,22.92,8.62,post-monsoon,28014.5
Wheat,160.97,3.61,23.05,5.22,winter,19425.0
Wheat,1035.95,1.95,20.85,10.95,post-monsoon,26528.3
Soybeans,212.19,9.16,36.2,4.9,winter,11415.3
Soybeans,174.29,5.53,20.16,5.71,winter,11450.1
Rice,1618.16,1.39,30.09,8.96,monsoon,43527.9
Wheat,635.06,4.54,29.3,5.47,post-monsoon,27293.1
Maize,520.95,9.73,25.14,7.35,winter,34636.9
Maize,418.22,20.81,17.48,5.61,summer,27522.4
Maize,1053.61,7.69,18.06,9.64,monsoon,36846.4
Potatoes,819.35,3.91,18.05,10.5,monsoon,166806.3
Soybeans,510.18,28.0,20.07,9.8,summer,17845.0
Maize,452.54,29.67,33.59,10.9,summer,21344.9
Soybeans,167.52,9.28,16.16,5.1,winter,11440.6
Soybeans,94.38,38.34,29.73,9.33,winter,12022.8
Soybeans,580.23,4.96,20.08,7.51,post-monsoon,18038.7
Soybeans,258.14,19.82,28.59,9.19,winter,14735.1
Soybeans,391.18,14.93,26.41,7.52,summer,16857.4
Potatoes,706.0,9.49,19.36,8.99,summer,140810.9
Maize,174.05,36.98,24.02,8.66,winter,27523.4
Soybeans,363.15,25.59,26.46,7.52,summer,17475.5
Wheat,284.28,17.2,22.97,5.41,summer,23188.9
Potatoes,451.83,26.93,16.96,5.68,post-monsoon,171525.3
Wheat,242.61,22.4,22.9,11.66,winter,20540.7
Wheat,166.28,26.46,28.58,6.41,winter,17574.6
Rice,380.79,3.89,20.2,5.53,winter,30442.0
Maize,1362.76,2.15,26.45,12.83,monsoon,31137.3
Rice,813.47,17.34,22.87,10.43,monsoon,40049.3
Maize,69.82,4.52,31.39,7.14,summer,22783.1
Soybeans,292.77,1.86,35.92,9.51,winter,12465.1
Wheat,799.39,14.76,19.56,1.87,monsoon,28330.8
Potatoes,439.24,1.6,24.33,7.05,summer,144505.6
Rice,662.22,3.13,26.45,8.28,post-monsoon,41629.1
Rice,603.97,6.02,31.79,5.41,post-monsoon,33881.9
Maize,537.4,6.52,20.64,1.24,summer,27163.9
Rice,1911.14,2.74,22.56,8.58,monsoon,35895.3
Wheat,1547.12,12.83,24.13,8.14,monsoon,19949.4
Rice,1242.8,24.13,30.26,2.6,monsoon,42986.3
Maize,830.1,11.53,26.01,11.81,monsoon,36406.1
Maize,299.82,12.67,19.8,4.5,summer,27343.4
Maize,1457.14,3.17,21.85,7.93,monsoon,31638.6
Maize,450.4,19.79,23.86,7.71,summer,30000.4
Soybeans,297.88,3.29,17.72,5.6,winter,15347.5
Potatoes,129.57,38.97,21.23,8.06,winter,128276.5
Soybeans,273.39,8.16,22.45,8.79,winter,15729.8
Soybeans,662.08,21.28,34.41,5.6,post-monsoon,17161.2
Maize,272.35,15.75,26.3,5.44,summer,27396.7
Soybeans,716.13,19.69,18.71,5.97,monsoon,20287.6
Rice,464.49,22.62,33.25,7.47,summer,27898.2
Wheat,588.06,9.89,28.0,7.73,post-monsoon,33057.9
Maize,928.49,30.47,26.17,11.38,monsoon,40974.8
Wheat,645.27,2.06,16.62,7.04,post-monsoon,28036.3
Wheat,421.72,1.4,23.53,8.76,summer,28245.2
Maize,628.85,10.7,35.96,5.99,summer,28995.6
Wheat,312.77,6.62,12.89,5.6,winter,19055.2
Soybeans,388.05,29.18,28.2,5.06,summer,16836.1
Soybeans,584.7,10.11,24.52,2.78,summer,17640.4
Wheat,1938.67,2.78,20.11,12.78,monsoon,15057.7
Wheat,511.85,8.3,18.44,8.65,post-monsoon,25825.5
Maize,761.08,7.68,27.69,8.79,post-monsoon,38460.5
Maize,266.35,1.02,29.23,5.78,summer,24938.1
Maize,432.06,5.67,28.62,8.7,post-monsoon,32380.2
Maize,838.84,6.63,26.03,5.49,post-monsoon,36225.9
Potatoes,364.64,22.26,18.55,6.55,summer,157591.9
Maize,399.6,16.84,31.05,8.1,winter,28463.5
Wheat,259.22,71.38,20.16,1.0,summer,22258.2
Rice,464.79,15.33,32.56,7.98,post-monsoon,35439.0
Wheat,204.26,2.99,21.59,7.25,winter,23704.1
Rice,204.79,5.5,18.84,5.59,winter,28375.1
Rice,319.03,3.87,37.68,4.45,summer,21117.7
Wheat,173.09,1.65,15.99,5.08,winter,19320.3
Soybeans,843.38,1.32,22.22,3.04,monsoon,19478.8
Wheat,1014.62,12.96,23.47,7.43,monsoon,27228.3
Wheat,330.56,6.69,23.44,4.42,winter,24147.8
Wheat,566.64,4.3,27.26,5.01,post-monsoon,26275.4
Rice,887.02,11.49,28.57,4.77,post-monsoon,41113.5
Potatoes,887.99,10.77,19.37,7.88,monsoon,157183.7
Rice,308.0,17.17,24.65,5.89,summer,28553.2
Maize,1333.07,5.89,27.65,3.33,monsoon,36418.3
Rice,771.96,6.87,30.95,10.54,post-monsoon,35221.8
Potatoes,878.82,23.21,18.91,7.93,monsoon,150924.6
Wheat,189.49,39.89,20.95,4.23,winter,20630.8
Wheat,214.54,4.61,29.89,6.21,winter,18085.6
Soybeans,43.61,5.25,17.09,7.81,winter,11090.1
Rice,291.38,25.96,25.42,12.14,winter,30622.1
Rice,354.39,16.52,22.41,1.0,summer,24572.0
Soybeans,230.81,27.46,23.5,5.31,winter,16455.2
Potatoes,1167.62,10.41,20.55,10.78,monsoon,93565.9
Rice,694.39,18.66,23.0,4.79,post-monsoon,37639.5
Wheat,141.02,6.14,20.67,3.54,post-monsoon,21329.5
Potatoes,451.05,4.39,13.75,5.21,post-monsoon,165054.5
Wheat,1403.07,14.95,29.35,4.49,monsoon,18470.7
Potatoes,168.58,13.32,8.0,6.31,winter,126551.8
Soybeans,165.85,4.94,26.17,5.29,winter,12123.2
Maize,119.92,21.76,24.24,5.26,summer,22370.6
Soybeans,1266.96,2.15,29.21,4.99,monsoon,14955.0
Rice,510.25,2.88,23.69,7.31,post-monsoon,33898.1
Potatoes,490.54,5.86,14.94,8.51,summer,155536.1
Maize,249.49,2.83,22.16,6.88,winter,23651.4
Wheat,1008.3,8.16,20.34,7.82,monsoon,29740.1
Rice,572.15,12.43,42.92,6.44,post-monsoon,26915.8
Potatoes,916.22,10.19,15.02,1.06,monsoon,145536.7
Soybeans,681.07,2.75,27.11,7.13,post-monsoon,17404.6
Potatoes,233.91,17.64,19.85,8.92,post-monsoon,132622.2
Maize,1029.44,8.88,24.21,6.79,post-monsoon,39615.7
Rice,608.38,49.54,21.29,5.08,post-monsoon,29134.7
Potatoes,406.17,36.17,18.47,7.75,post-monsoon,142818.3
Potatoes,535.37,2.8,11.14,1.37,summer,138272.8
Soybeans,587.34,5.73,33.33,10.13,monsoon,15959.9
Potatoes,1415.05,11.73,16.53,4.95,monsoon,110203.2
Wheat,791.53,8.26,24.28,5.99,monsoon,33990.2
Wheat,370.35,11.61,18.16,9.99,summer,24059.2
Maize,1245.29,14.74,23.99,7.46,monsoon,34696.2
Soybeans,660.46,1.94,22.66,6.28,post-monsoon,18927.0
Potatoes,692.8,33.37,18.85,7.72,post-monsoon,190237.5
Rice,429.51,3.46,33.53,9.88,winter,27188.8
Rice,1292.08,13.37,28.37,7.06,monsoon,49480.6
Maize,789.37,9.77,24.65,6.63,post-monsoon,37873.3
Potatoes,630.25,19.88,18.09,11.46,post-monsoon,159262.1
Potatoes,420.58,7.0,23.69,4.72,summer,145375.5
Potatoes,399.4,35.3,30.58,8.89,winter,116114.9
Maize,733.31,1.98,26.41,4.62,post-monsoon,35966.6
Rice,274.09,4.22,24.57,7.17,winter,31780.0
Rice,463.05,3.14,30.42,9.43,summer,33993.3
Maize,212.5,3.08,29.14,5.4,summer,27165.8
Wheat,583.28,23.66,20.63,8.2,post-monsoon,31258.4
Maize,291.61,17.06,27.25,5.27,summer,29712.7
Wheat,1115.05,16.91,23.19,3.5,monsoon,28620.9
Wheat,406.75,4.0,20.93,5.72,summer,28893.7
Soybeans,480.53,15.47,27.61,5.39,post-monsoon,17029.6
Soybeans,209.4,12.2,32.84,6.63,winter,10235.2
Wheat,246.37,1.6,22.15,4.82,summer,24011.5
Rice,1170.55,39.13,18.05,5.12,monsoon,37736.1
Soybeans,429.1,11.07,22.01,4.41,summer,16479.3
Rice,485.7,44.48,22.51,1.0,summer,27698.1
Wheat,174.18,9.67,23.75,15.21,winter,19590.6
Soybeans,467.72,14.77,25.74,11.45,post-monsoon,19577.8
Maize,124.94,15.68,29.12,10.88,winter,21566.5
Rice,1273.98,5.07,30.94,5.14,monsoon,46993.9
Potatoes,201.21,20.11,17.11,4.57,winter,130466.8
Potatoes,662.46,18.88,19.96,6.33,post-monsoon,162968.1
Maize,656.32,3.63,19.35,3.86,post-monsoon,32186.4
Wheat,401.08,5.75,23.56,3.68,monsoon,26062.7
Maize,775.01,22.88,26.13,4.64,post-monsoon,34303.0
Potatoes,1555.17,3.07,18.24,4.3,monsoon,105635.4
Potatoes,1136.62,9.54,17.21,2.78,monsoon,107709.8
Soybeans,440.88,1.57,15.65,5.96,post-monsoon,16745.5
Soybeans,355.33,11.26,19.43,4.78,summer,17179.8
Potatoes,160.0,22.29,11.65,8.96,summer,122402.0
Soybeans,376.54,3.54,25.71,8.6,winter,16560.6
Maize,518.36,43.87,27.68,4.84,summer,30192.6
Wheat,1598.12,7.73,18.12,7.31,monsoon,17138.5
Rice,798.6,4.33,22.2,7.72,monsoon,39022.1
Potatoes,583.64,29.84,22.72,10.77,post-monsoon,148312.7
Wheat,1927.87,43.68,16.98,9.71,monsoon,13974.7
Rice,173.79,3.8,23.28,6.87,winter,29858.8
Rice,261.45,12.21,22.42,6.72,summer,29401.3
Potatoes,684.17,9.65,14.64,5.54,summer,173848.1
Soybeans,240.99,29.24,25.95,5.69,post-monsoon,16334.4
Rice,345.86,4.2,30.49,1.0,post-monsoon,25434.6
Wheat,192.53,11.21,18.86,1.46,winter,21013.5
Rice,267.99,17.46,24.89,9.51,monsoon,32055.8
Soybeans,185.49,7.27,35.39,11.55,winter,9551.9
Soybeans,181.09,9.66,21.65,6.41,winter,13715.8
Potatoes,714.17,9.11,26.01,5.03,post-monsoon,135401.3
Potatoes,789.23,3.52,14.94,12.36,post-monsoon,143214.1
Soybeans,255.77,12.5,24.5,5.48,winter,14956.1
Soybeans,745.89,6.99,24.24,8.91,post-monsoon,20375.6
Rice,642.38,26.66,31.52,10.73,post-monsoon,36296.4
Rice,377.09,8.46,30.35,11.59,summer,25173.5
Potatoes,254.34,20.85,16.91,5.62,winter,123644.2
Soybeans,619.54,19.28,27.38,3.99,post-monsoon,20570.5
Rice,1093.29,6.75,23.39,7.55,monsoon,44596.1
Rice,1531.46,2.33,30.68,9.53,monsoon,44564.5
Wheat,461.38,57.64,23.45,9.19,summer,29127.8
Wheat,258.25,11.13,24.17,8.3,winter,25484.8
Wheat,473.69,1.38,20.89,6.14,summer,27537.6
Soybeans,597.52,4.64,20.77,4.97,post-monsoon,19027.2
Soybeans,971.7,8.22,20.67,4.62,monsoon,21495.7
Wheat,299.76,9.17,24.82,4.79,summer,25297.8
Maize,196.66,6.5,23.67,10.78,winter,20378.3
Maize,326.04,11.84,30.34,8.08,winter,22956.6
Potatoes,1794.7,6.02,16.83,6.07,monsoon,109197.7
Wheat,238.3,10.23,9.4,7.22,winter,20672.0
Soybeans,256.36,1.77,29.3,6.19,winter,15073.6
Maize,794.91,27.16,20.04,7.19,post-monsoon,34876.6
Potatoes,406.15,4.69,22.0,10.75,winter,153408.4
Rice,335.58,9.14,27.46,9.86,summer,31825.7
Rice,813.58,23.34,27.63,5.25,post-monsoon,40391.3
Maize,286.83,2.35,24.21,5.2,winter,33255.6
Soybeans,991.24,3.57,26.89,6.0,post-monsoon,18056.4
Rice,645.3,6.29,29.1,9.06,post-monsoon,39390.4
Soybeans,629.11,36.08,20.85,7.87,summer,19090.2
Potatoes,198.62,2.95,13.85,8.87,summer,127659.8
Maize,309.39,43.53,22.02,4.87,post-monsoon,27235.8
Soybeans,316.79,9.14,10.18,4.31,summer,9350.0
Maize,379.1,7.49,17.77,6.16,winter,23512.7
Rice,279.02,4.42,27.06,7.07,summer,30951.2
Soybeans,1411.79,25.66,23.26,9.06,monsoon,15690.9
Potatoes,465.85,20.97,8.0,8.12,summer,121191.8
Rice,744.69,2.93,31.29,6.07,post-monsoon,34108.7
Wheat,182.5,12.65,20.35,6.96,winter,24777.6
Wheat,389.73,5.37,27.82,9.19,post-monsoon,24521.9
Potatoes,676.73,17.23,21.45,10.82,post-monsoon,153788.8
Potatoes,196.16,3.72,27.29,7.11,winter,106595.0
Soybeans,576.73,7.74,20.43,8.6,post-monsoon,21223.6
Rice,739.52,11.97,31.22,7.3,post-monsoon,38235.6
Potatoes,436.02,8.49,11.66,4.38,summer,143188.4
Rice,711.53,43.3,24.44,4.28,summer,36690.7
Rice,578.17,3.57,22.06,3.9,post-monsoon,37151.7
Potatoes,238.24,9.79,15.41,3.93,summer,127052.7
Soybeans,195.92,11.41,27.4,4.67,winter,13257.4
Wheat,544.43,18.85,23.42,11.35,post-monsoon,27850.1
Soybeans,494.42,1.82,20.86,4.24,summer,18938.9
Soybeans,354.76,3.49,28.21,6.96,summer,16662.3
Potatoes,179.11,16.4,24.01,8.45,winter,112851.1
Maize,1463.17,7.74,19.29,6.84,monsoon,31727.0
Maize,422.28,8.66,25.1,3.89,summer,29320.1
Potatoes,700.36,9.62,18.85,6.23,monsoon,180951.9
Maize,1128.05,17.15,21.49,4.32,monsoon,37583.6
Rice,253.01,21.63,21.35,6.53,winter,25329.1
Potatoes,155.43,29.09,18.79,7.35,winter,102893.8
Rice,1420.56,6.22,37.49,7.35,monsoon,40311.0
Rice,409.97,17.12,22.73,7.1,summer,35304.1
Rice,359.53,18.34,24.16,6.51,monsoon,33014.4
Wheat,860.39,5.97,25.6,9.6,post-monsoon,27179.5
Soybeans,289.06,3.26,19.75,9.07,summer,13232.1
Soybeans,826.7,7.79,27.46,1.3,post-monsoon,17818.4
Maize,329.58,8.58,18.66,12.55,summer,24778.8
Wheat,1336.81,1.73,27.29,3.0,monsoon,18158.3
Potatoes,265.06,3.03,15.06,7.03,winter,124363.1
Potatoes,289.31,35.1,16.59,4.64,summer,138688.2
Wheat,1465.46,13.13,19.68,10.34,monsoon,21099.8
Soybeans,667.02,1.72,29.94,10.06,post-monsoon,19581.6
Wheat,253.62,9.92,24.77,10.36,winter,20786.3
Potatoes,1446.35,2.46,22.58,6.42,monsoon,82633.6
Maize,287.11,52.31,18.68,7.82,post-monsoon,28546.8
Soybeans,1555.41,36.94,16.28,8.3,monsoon,10951.3
Soybeans,718.87,11.92,21.58,4.96,post-monsoon,19984.7
Soybeans,763.29,20.01,23.29,4.77,monsoon,23020.4
Maize,1344.57,2.06,40.55,6.34,monsoon,21014.3
Wheat,497.63,14.44,25.64,5.32,post-monsoon,29328.1
Wheat,512.21,8.17,17.64,3.64,post-monsoon,26560.3
Soybeans,497.52,4.06,24.91,6.47,post-monsoon,19453.4
Maize,390.98,12.52,8.35,7.62,summer,18643.5
Maize,475.01,32.85,23.82,7.98,summer,30707.7
Potatoes,363.04,8.59,21.3,10.41,winter,124396.6
Soybeans,1529.68,2.44,27.02,5.2,monsoon,12994.1
Soybeans,285.59,7.12,20.73,5.15,summer,15726.1
Soybeans,243.59,17.36,26.3,8.34,winter,14268.4
Soybeans,336.82,9.32,17.24,4.14,summer,15285.2
Rice,976.98,17.29,33.63,6.24,monsoon,38242.8
Wheat,1992.82,13.87,17.1,7.89,monsoon,17139.7
Potatoes,224.79,52.51,12.64,7.87,winter,126494.0
Rice,556.62,4.81,28.56,11.5,post-monsoon,35245.0
Potatoes,962.41,4.37,18.65,6.31,monsoon,150850.6
Rice,1003.78,4.7,23.56,7.29,monsoon,47250.7
Wheat,1234.75,18.37,20.9,9.35,monsoon,25871.1
Soybeans,458.71,27.35,25.96,3.99,summer,15461.4
Maize,445.99,4.91,29.75,5.97,summer,29797.9
Wheat,650.45,23.65,27.99,9.32,summer,29907.7
Wheat,919.35,6.75,22.74,2.64,monsoon,29031.6
Soybeans,588.72,5.72,20.46,7.85,post-monsoon,21347.8
Wheat,270.35,13.35,15.84,4.66,summer,21957.9
Potatoes,525.14,31.76,19.81,7.14,post-monsoon,180502.5
Rice,515.41,9.19,35.26,8.31,monsoon,35891.3
Maize,605.58,7.94,22.18,10.97,monsoon,37338.3
Wheat,442.36,6.43,20.48,5.86,summer,28970.0
Rice,927.23,5.45,31.43,2.3,monsoon,38092.1
Maize,872.53,20.52,24.63,7.67,post-monsoon,37565.0
Maize,277.99,4.04,25.97,6.79,winter,26827.2
Wheat,631.54,22.93,17.83,8.36,monsoon,33906.7
Potatoes,466.23,2.57,18.51,8.74,summer,140635.4
Wheat,349.07,27.4,23.29,8.22,post-monsoon,27424.9
Soybeans,946.38,36.26,26.47,8.33,monsoon,20503.9
Potatoes,477.97,2.44,13.93,5.07,summer,162235.2
Maize,302.77,10.6,27.17,1.6,summer,24301.5
Maize,735.43,1.02,22.77,5.23,post-monsoon,38150.0
Maize,219.03,10.21,33.1,9.17,winter,21858.3
Maize,807.03,38.63,29.37,6.6,monsoon,36272.2
Wheat,931.9,18.11,20.15,3.63,monsoon,27198.4
Potatoes,354.76,17.67,19.41,5.86,winter,144903.4
Wheat,1185.57,5.87,25.72,11.25,monsoon,22005.6
Maize,286.87,5.79,23.87,7.19,winter,22036.6
Soybeans,250.32,2.72,21.81,2.52,summer,15041.0
Wheat,385.71,1.38,22.65,10.84,winter,25919.3
Rice,301.19,19.73,22.55,9.77,winter,26438.1
Soybeans,1523.97,20.59,19.79,8.58,monsoon,12223.2
Rice,921.98,18.83,22.26,10.26,monsoon,40297.5
Soybeans,969.4,8.62,18.67,4.83,monsoon,19020.2
Rice,278.93,2.01,22.27,5.78,summer,30335.2
Rice,691.72,9.14,27.57,6.58,post-monsoon,39300.8
Wheat,477.26,37.92,20.14,6.19,post-monsoon,28516.3
Wheat,329.92,6.56,21.14,5.74,post-monsoon,30389.6
Wheat,1112.91,16.43,18.24,9.83,monsoon,23393.2
Potatoes,349.91,18.79,22.17,5.87,post-monsoon,143196.8
Potatoes,1853.89,12.93,22.24,7.85,monsoon,99259.4
Potatoes,144.25,45.8,13.42,5.65,post-monsoon,125686.7
Rice,464.1,2.95,24.39,5.38,monsoon,37466.5
Rice,976.9,7.19,27.33,7.52,monsoon,42608.5
Wheat,403.2,16.13,15.83,9.39,winter,22387.7
Rice,411.45,8.47,27.22,6.31,summer,33036.7
Wheat,87.8,11.35,23.96,9.96,winter,22169.0
Soybeans,1417.12,7.93,23.91,6.17,monsoon,15308.1
Soybeans,460.94,108.51,24.44,13.09,monsoon,16075.7
Potatoes,246.58,63.86,17.35,6.94,monsoon,169790.0
Rice,930.52,11.84,29.42,3.69,post-monsoon,40908.3
Wheat,1200.39,9.8,20.51,6.76,monsoon,25655.4
Soybeans,311.29,1.41,20.23,8.26,winter,15684.9
Rice,854.36,7.87,28.41,8.57,monsoon,43728.3
Maize,413.79,43.42,24.0,7.04,summer,37171.2
Potatoes,247.16,21.2,22.33,6.61,summer,145113.1
Rice,283.8,3.55,31.96,7.96,winter,26122.7
Potatoes,374.54,4.35,18.57,3.88,summer,162826.9
Maize,644.58,13.99,26.2,6.24,post-monsoon,33042.0
Wheat,276.22,28.43,21.23,6.64,summer,25193.9
Rice,443.08,6.86,22.77,10.09,post-monsoon,30635.1
Rice,221.12,2.75,34.77,9.31,winter,27083.0
Maize,461.92,51.94,19.47,3.64,summer,29608.1
Rice,933.3,33.7,19.74,7.48,monsoon,42384.1
Rice,380.06,1.02,30.14,4.61,post-monsoon,33219.0
Rice,1395.55,7.14,27.49,3.91,monsoon,41327.9
Soybeans,507.12,9.57,24.59,4.49,summer,17848.9
Potatoes,343.38,2.93,11.44,2.76,summer,118999.0
Potatoes,1129.64,4.06,15.35,4.76,monsoon,134172.1
Soybeans,656.31,42.94,20.53,5.76,post-monsoon,19477.2
Maize,349.03,8.57,18.67,2.06,summer,22117.9
Wheat,1309.89,18.45,22.9,7.05,monsoon,25824.3
Rice,179.38,17.68,28.39,7.38,winter,30086.2
Potatoes,951.12,4.69,19.6,7.99,monsoon,138985.5
Soybeans,415.76,3.11,25.21,8.49,post-monsoon,18319.4
Wheat,142.17,4.15,22.23,6.83,post-monsoon,23866.9
Soybeans,92.77,6.35,24.07,1.43,post-monsoon,13481.6
Rice,178.76,2.99,24.15,9.98,winter,27986.6
Rice,497.86,5.22,27.78,7.83,summer,35852.8
Maize,564.0,9.87,29.04,7.07,post-monsoon,34253.9
Potatoes,446.99,13.35,10.76,8.69,post-monsoon,146957.4
Soybeans,249.51,12.16,25.93,7.2,winter,16113.2
Potatoes,352.84,22.68,12.71,12.07,winter,128964.8
Maize,902.87,5.35,26.04,3.57,monsoon,38957.5
Maize,391.8,4.24,23.8,8.13,summer,31135.4
Soybeans,209.06,16.06,18.27,5.33,winter,13198.0
Maize,1284.73,11.23,23.64,8.58,monsoon,36414.9
Wheat,1156.27,13.47,27.17,8.89,post-monsoon,23431.6
Potatoes,725.5,11.02,16.3,6.88,monsoon,188270.7
Soybeans,1340.72,1.67,27.38,7.06,monsoon,15125.7
Soybeans,854.72,21.03,25.84,5.8,monsoon,23682.5
Maize,338.53,7.25,18.93,6.72,post-monsoon,29042.4
Wheat,337.49,7.39,20.06,5.11,winter,26131.6
Wheat,624.0,25.83,24.65,9.06,post-monsoon,31707.8
Soybeans,223.53,19.91,28.79,8.27,winter,14748.5
Wheat,236.63,16.52,22.24,7.41,winter,27589.3
Potatoes,1650.69,27.4,22.13,5.66,monsoon,112836.5
Potatoes,1146.55,14.8,16.15,8.37,monsoon,147214.4
Soybeans,506.59,58.04,30.16,6.92,summer,19151.3
Maize,359.88,7.47,30.93,3.26,summer,20464.5
Rice,1345.23,11.18,25.22,6.08,monsoon,45060.1
Wheat,583.47,4.21,20.32,7.21,summer,30467.2
Wheat,375.76,2.04,19.79,11.46,post-monsoon,25109.6
Wheat,934.47,7.42,25.23,4.9,monsoon,32904.0
Rice,530.25,16.66,33.62,6.91,monsoon,34059.5
Wheat,1253.08,2.65,29.0,7.54,monsoon,23224.0
Maize,1189.4,6.31,21.51,8.72,monsoon,34713.0
Potatoes,519.93,11.31,18.97,12.64,summer,157053.2
Wheat,286.19,3.54,26.95,8.48,winter,23671.2
Rice,967.88,23.3,31.11,9.99,post-monsoon,38370.5
Wheat,565.92,2.52,20.29,9.49,post-monsoon,29978.8
Soybeans,820.15,15.76,29.23,10.04,monsoon,18386.3
Soybeans,286.34,11.67,31.11,9.5,winter,11968.6
Soybeans,285.76,28.06,9.32,3.72,winter,6654.5
Wheat,659.48,6.18,17.21,8.69,post-monsoon,30422.0
Maize,249.99,19.04,33.96,11.25,winter,20255.4
Wheat,614.22,1.66,12.65,9.05,post-monsoon,21403.8
Maize,300.65,29.13,13.98,2.84,winter,16710.4
Soybeans,472.64,2.6,25.11,9.63,summer,18247.2
Rice,1091.28,34.43,26.02,10.64,monsoon,41202.7
Potatoes,313.04,8.03,8.42,10.78,summer,109559.9
Potatoes,194.3,13.49,12.08,7.02,winter,126077.4
Soybeans,200.42,9.15,20.82,7.34,winter,14471.5
Rice,480.92,14.75,32.14,6.71,summer,31982.0
Wheat,362.75,12.33,18.68,8.87,summer,27545.4
Soybeans,303.26,7.24,22.28,3.06,winter,12776.6
Wheat,220.56,20.37,21.54,11.42,winter,16994.2
Rice,1472.57,3.03,20.11,6.27,monsoon,39574.5
Potatoes,452.99,10.87,13.58,6.26,summer,173329.7
Wheat,307.63,3.02,23.66,8.0,post-monsoon,21937.4
Maize,1008.93,6.31,18.92,3.63,monsoon,37718.3
Wheat,264.97,88.16,22.67,2.76,winter,22721.9
Rice,637.94,1.31,29.2,6.69,monsoon,42680.6
Soybeans,1614.14,5.13,20.12,8.62,monsoon,14393.3
Wheat,600.16,25.91,23.28,5.43,summer,27825.4
Maize,394.52,32.27,24.4,4.69,winter,27045.8
Maize,1273.15,17.89,18.8,9.39,monsoon,30901.5
Rice,1384.75,1.86,26.53,11.86,monsoon,42690.8
Maize,342.62,27.7,18.32,5.61,post-monsoon,23679.0
Soybeans,214.21,46.78,25.1,5.74,winter,17951.3
Wheat,381.97,1.93,20.76,7.68,winter,23646.4
Wheat,563.7,3.56,20.64,6.19,post-monsoon,31806.7
Soybeans,384.69,3.15,26.19,5.39,winter,17163.9
Maize,1381.73,3.77,22.43,4.1,monsoon,32445.8
Maize,1130.56,49.37,35.56,9.01,monsoon,26609.6
Soybeans,703.41,5.37,15.82,6.71,post-monsoon,17892.7
Potatoes,236.73,8.33,21.92,5.57,winter,123780.8
Maize,873.17,14.91,20.6,8.38,monsoon,35176.5
Soybeans,219.56,4.87,17.34,3.6,monsoon,12065.9
Rice,345.96,26.15,30.9,5.42,summer,30493.0
Maize,276.15,8.9,30.93,5.88,winter,22566.0
Maize,269.02,24.86,16.98,5.69,winter,26464.0
Potatoes,697.19,12.91,17.86,10.48,post-monsoon,146965.9
Wheat,386.52,5.11,18.73,4.77,post-monsoon,27063.2
Wheat,450.15,12.5,31.42,5.81,summer,24380.1
Wheat,601.45,22.66,17.38,1.3,post-monsoon,24031.2
Maize,578.34,13.48,22.4,4.77,post-monsoon,34441.9
Potatoes,727.29,5.93,10.62,6.12,post-monsoon,170364.4
Soybeans,245.14,1.95,25.82,5.09,winter,12018.4
Potatoes,37.38,17.62,19.29,7.66,winter,112389.4
Soybeans,1089.59,14.91,8.32,5.89,monsoon,15423.8
Soybeans,341.22,3.27,22.72,7.47,winter,16348.7
Soybeans,0.0,6.99,23.24,1.0,monsoon,12150.2
Maize,669.48,7.4,26.43,4.88,summer,37765.4
Soybeans,310.01,9.17,22.65,11.21,summer,17562.8
Soybeans,295.04,14.51,18.68,2.35,post-monsoon,12779.5
Maize,154.44,18.22,17.63,4.89,winter,19978.9
Rice,956.7,11.67,28.83,5.9,monsoon,46882.3
Maize,430.22,3.71,29.06,12.57,summer,23326.0
Maize,433.84,8.18,18.39,8.89,summer,27957.6
Soybeans,267.16,20.82,42.89,7.37,summer,8803.6
Maize,455.24,1.89,23.38,8.1,summer,31251.1
Wheat,1227.78,10.01,14.27,9.55,monsoon,19119.4
Potatoes,479.32,2.61,26.97,9.01,post-monsoon,127620.7
Rice,368.46,27.96,19.93,6.99,winter,27629.0
Potatoes,933.43,24.11,12.45,3.07,post-monsoon,126693.6
Soybeans,1115.34,27.33,17.79,4.26,monsoon,16008.7
Maize,1663.42,1.54,26.83,8.08,monsoon,29723.4
Rice,277.54,20.08,19.12,2.62,summer,24284.7
Maize,538.14,10.47,29.56,4.92,summer,33898.3
Soybeans,1672.6,7.83,28.37,6.43,monsoon,11363.5
Wheat,1008.82,1.78,20.93,6.72,monsoon,25482.3
Wheat,1399.93,10.05,26.48,7.93,monsoon,18097.2
Wheat,291.52,1.18,29.76,6.55,winter,21120.1
Soybeans,174.37,5.57,28.61,8.76,winter,13553.1
Wheat,1269.35,3.56,18.74,2.9,monsoon,19455.8
Maize,663.95,23.18,22.11,5.25,post-monsoon,33703.7
Rice,688.5,6.26,25.4,6.3,post-monsoon,41103.9
Rice,1034.08,4.65,27.46,8.37,monsoon,46516.1
Potatoes,323.52,2.33,14.93,7.74,winter,150450.6
Rice,632.95,4.93,22.75,10.43,post-monsoon,28212.2
Soybeans,2.77,12.11,17.02,8.56,post-monsoon,11131.1
Potatoes,287.89,9.86,19.57,7.16,winter,113641.2
Rice,1337.17,12.73,28.45,4.77,monsoon,47986.1
Soybeans,336.59,18.29,21.2,9.69,winter,15623.4
Maize,574.49,23.74,20.7,6.79,post-monsoon,34792.5
Soybeans,314.49,4.24,22.51,10.47,winter,14738.5
Soybeans,917.0,28.76,26.17,6.96,post-monsoon,18489.4
Wheat,1107.8,3.87,24.06,8.72,monsoon,28016.5
Maize,386.09,17.98,25.43,10.39,winter,31061.5
Wheat,155.48,4.99,30.09,7.47,winter,18184.6
Rice,292.73,14.41,21.26,4.11,summer,24555.7
Maize,380.07,2.43,23.29,7.51,post-monsoon,30027.0
Rice,304.75,4.23,26.09,7.82,summer,36260.7
Soybeans,603.17,4.62,19.29,5.84,post-monsoon,19826.6
Wheat,544.15,64.02,15.37,9.06,summer,27484.3
Wheat,756.81,15.85,23.48,5.37,post-monsoon,31708.7
Rice,440.81,11.83,23.97,4.27,monsoon,40338.3
Maize,341.15,5.04,19.47,8.67,winter,23096.1
Wheat,503.31,3.81,18.78,7.13,summer,27073.6
Potatoes,1478.13,1.52,8.04,7.44,monsoon,65231.3
Maize,1328.57,14.61,31.16,13.28,monsoon,26847.7
Rice,286.41,16.78,34.38,5.29,winter,24711.6
Soybeans,303.78,29.6,23.46,1.0,summer,14598.0
Potatoes,1539.68,35.19,8.0,12.81,monsoon,57562.8
Wheat,339.74,29.3,24.31,6.62,summer,22119.2
Soybeans,406.25,23.38,25.1,8.06,summer,18981.9
Rice,219.62,4.35,25.72,7.71,winter,32310.2
Maize,601.57,26.96,20.16,8.23,summer,32510.7
Maize,318.29,20.75,31.2,6.14,summer,22033.1
Maize,351.64,44.05,19.77,8.57,summer,27658.0
Rice,454.75,1.5,24.0,8.82,post-monsoon,31546.5
Wheat,890.25,10.15,27.94,9.95,post-monsoon,25198.5
Rice,236.84,25.27,23.96,4.06,winter,27915.5
Maize,493.11,3.99,30.5,3.85,summer,29449.1
Soybeans,186.35,17.86,17.9,5.93,winter,14204.6
Rice,669.35,7.62,31.91,8.28,post-monsoon,39216.2
Soybeans,408.85,18.58,20.17,9.43,summer,16079.9
Maize,158.52,4.34,20.02,8.27,winter,26218.2
Potatoes,1006.64,24.04,20.59,8.79,monsoon,131184.9
Wheat,440.89,9.86,35.74,7.17,summer,20288.4
Rice,442.72,7.22,32.66,1.99,monsoon,29502.1
Potatoes,152.57,8.68,17.04,9.82,winter,138164.7
Potatoes,577.81,17.63,16.01,8.98,summer,178354.0
Wheat,468.52,4.04,26.55,2.94,summer,28025.4
Wheat,382.11,1.29,26.19,4.31,summer,23440.2
Potatoes,221.3,6.52,18.55,10.79,winter,134182.2
Rice,863.81,4.92,27.71,4.13,post-monsoon,38225.4
Soybeans,1370.85,6.78,28.97,7.04,monsoon,17688.1
Soybeans,1135.4,5.77,17.09,3.61,monsoon,14400.8
Maize,1433.29,6.0,31.03,6.78,monsoon,29437.5
Maize,1544.53,11.95,14.88,6.11,monsoon,23248.2
Wheat,253.92,4.79,25.31,4.73,winter,19905.5
Potatoes,724.32,7.16,16.13,7.61,post-monsoon,159631.9
Soybeans,310.46,23.72,23.62,5.9,winter,16423.2
Rice,169.86,14.42,20.87,6.12,winter,23491.2
Soybeans,1062.63,8.61,16.23,5.96,post-monsoon,15962.8
Rice,375.04,4.15,21.79,10.3,post-monsoon,25613.5
Soybeans,1357.59,2.5,21.9,6.82,monsoon,15192.1
Soybeans,682.0,35.67,29.38,4.96,post-monsoon,20149.3
Rice,630.26,4.04,30.95,5.32,post-monsoon,40905.5
Soybeans,252.7,19.95,36.38,3.89,winter,10572.4
Potatoes,360.89,32.35,16.07,9.8,winter,168519.6
Maize,283.56,12.28,12.88,7.86,summer,22364.0
Rice,529.21,14.32,28.68,4.7,post-monsoon,32995.6
Soybeans,468.89,31.6,25.35,7.07,post-monsoon,17248.7
Rice,552.98,13.84,34.42,8.87,post-monsoon,30351.2
Rice,201.03,8.91,26.1,8.23,winter,28925.3
Wheat,411.32,11.58,20.65,10.36,post-monsoon,26243.9
Maize,876.97,22.78,19.44,6.87,monsoon,39358.7
Soybeans,853.77,44.29,20.13,5.31,post-monsoon,20056.8
Soybeans,263.29,12.08,20.57,6.12,winter,14830.2
Soybeans,499.47,7.67,10.08,6.94,post-monsoon,12663.6
Rice,323.15,5.4,28.65,1.0,winter,32588.6
Wheat,293.34,3.26,17.65,7.18,winter,23868.1
Wheat,1015.51,10.11,23.06,8.59,monsoon,29816.2
Soybeans,216.06,3.36,20.46,10.37,winter,12383.8
Potatoes,178.28,27.41,8.0,10.6,winter,98739.4
Potatoes,1639.3,1.55,20.28,4.99,monsoon,128940.1
Rice,373.56,2.28,24.65,11.16,winter,27153.6
Wheat,1650.56,14.7,23.01,10.23,monsoon,21708.4
Wheat,202.75,1.16,16.76,4.99,summer,22314.7
Soybeans,420.47,9.26,26.96,8.67,summer,18826.5
Soybeans,490.57,8.22,27.07,4.14,post-monsoon,17062.8
Maize,398.45,3.19,24.42,8.47,winter,27834.1
Wheat,673.66,4.18,20.36,6.58,summer,32215.4
